genus,number of taxonomies,proportions,,tn num count,num genera,Prop 1,Prop 2,Prop 3,Prop 4,Prop 5,Prop 6,Prop 7,Prop 8
Gasteruption,0,,,0,212,,,,,,,,
Palaeictops,0,,,1,666,1,,,,,,,
Oligopithecidae,0,,,2,501,0.8209490554,0.1790509446,,,,,,
Hemiaster,0,,,3,272,0.7339217866,0.2010466089,0.0650316044,,,,,
Aphredoderus,0,,,4,80,0.6952040083,0.192138586,0.0817490629,0.0309083427,,,,
Epilobium,0,,,5,35,0.6043378214,0.2125324799,0.1014568085,0.0556126,0.0260602902,,,
Aulonocara ,0,,,6,7,0.6261426181,0.2599872208,0.052202656,0.0324734917,0.0182625119,0.0109315015,,
Anthracobunidae,0,,,7,3,0.6936617232,0.1757297552,0.068220339,0.0285899247,0.0168530289,0.0084726146,0.0084726146,
Paleopropithecus,0,,,,,,,,,,,,
Metriaclima,0,,,,,,,,,,,,
Capensibufo,0,,,,,,,,,,,,
Metoldobotes,0,,,,,,,,,,,,
Coniopteryx,0,,,,,,,,,,,,
Eosimiidae,0,,,,,,,,,,,,
Adapidae,0,,,,,,,,,,,,
Rhoptropus ,0,,,,,,,,,,,,
Ramadapis,0,,,,,,,,,,,,
Pethia,0,,,,,,,,,,,,
Baltorussus ,0,,,,,,,,,,,,
Limbodessus,0,,,,,,,,,,,,
Troglichthys,0,,,,,,,,,,,,
Eoticus,0,,,,,,,,,,,,
Sapajus,0,,,,,,,,,,,,
Victoriapithecus,0,,,,,,,,,,,,
Sapyga,0,,,,,,,,,,,,
Chorisochismus,0,,,,,,,,,,,,
Arkansaurus ,0,,,,,,,,,,,,
Propliopithecid,0,,,,,,,,,,,,
Mohanamico,0,,,,,,,,,,,,
Picoides,0,,,,,,,,,,,,
Tornatellaria,0,,,,,,,,,,,,
Dendropithecidae,0,,,,,,,,,,,,
Indet.,0,,,,,,,,,,,,
Coluber,0,,,,,,,,,,,,
Nyctereutes,0,,,,,,,,,,,,
"""Palaeichthon""",0,,,,,,,,,,,,
TempNewGenus,0,,,,,,,,,,,,
Triportheus 'Anostomus',0,,,,,,,,,,,,
Eosimias,0,,,,,,,,,,,,
Pelophryne,0,,,,,,,,,,,,
Hypodactylus,0,,,,,,,,,,,,
Mondelphis,0,,,,,,,,,,,,
Batrachoides,0,,,,,,,,,,,,
cf Dendropithecus,0,,,,,,,,,,,,
Tregomys,0,,,,,,,,,,,,
?Masrasector,0,,,,,,,,,,,,
Pelycodus,0,,,,,,,,,,,,
Castor,0,,,,,,,,,,,,
Evaniella,0,,,,,,,,,,,,
Cadurcotherium,0,,,,,,,,,,,,
Mabuya,0,,,,,,,,,,,,
Chilorhinophis,0,,,,,,,,,,,,
Aframonius,0,,,,,,,,,,,,
Chelonodon,0,,,,,,,,,,,,
Phytosauria,0,,,,,,,,,,,,
Mola,0,,,,,,,,,,,,
Suidae,0,,,,,,,,,,,,
Rhotropus,0,,,,,,,,,,,,
Diadaphorus,0,,,,,,,,,,,,
Seychellophryne,0,,,,,,,,,,,,
Omomyidae,0,,,,,,,,,,,,
Avitoplectus,0,,,,,,,,,,,,
Rangwapithecus,0,,,,,,,,,,,,
Cypinella,0,,,,,,,,,,,,
?Brychotherium,0,,,,,,,,,,,,
Anthracobunid,0,,,,,,,,,,,,
Pteronotropis,0,,,,,,,,,,,,
Anisodon,0,,,,,,,,,,,,
Hyopachus,0,,,,,,,,,,,,
Tamias,0,,,,,,,,,,,,
Genus-new,0,,,,,,,,,,,,
Pinna,0,,,,,,,,,,,,
Indeterminate,0,,,,,,,,,,,,
Incertae,0,,,,,,,,,,,,
Dinopithesus,0,,,,,,,,,,,,
Prohylobates,0,,,,,,,,,,,,
Daimonelix,0,,,,,,,,,,,,
Epipliopithecus,0,,,,,,,,,,,,
Loxopholis ,0,,,,,,,,,,,,
Viracarpon,0,,,,,,,,,,,,
Hominini,0,,,,,,,,,,,,
Antipodocottus,0,,,,,,,,,,,,
Eupolybothrus,0,,,,,,,,,,,,
Ondatra,0,,,,,,,,,,,,
Gomphotherium,0,,,,,,,,,,,,
Anomaloglossus,0,,,,,,,,,,,,
Pakakali ,0,,,,,,,,,,,,
Dugongidae,0,,,,,,,,,,,,
Therapithecus,0,,,,,,,,,,,,
Nabotherium,0,,,,,,,,,,,,
Sigmodon,0,,,,,,,,,,,,
Ibalia,0,,,,,,,,,,,,
Dichotomyctere,0,,,,,,,,,,,,
?Dilambdogale,0,,,,,,,,,,,,
Pahelia,0,,,,,,,,,,,,
cf Asiadapis,0,,,,,,,,,,,,
Cercopithicoides,0,,,,,,,,,,,,
Antillothrix,0,,,,,,,,,,,,
Centrochelys,0,,,,,,,,,,,,
 ,0,,,,,,,,,,,,
Tarsier,0,,,,,,,,,,,,
Stenorrhina,0,,,,,,,,,,,,
Qarmoutus,0,,,,,,,,,,,,
Sphaerotholus ,0,,,,,,,,,,,,
Ictiobus,0,,,,,,,,,,,,
Parapithecidae,0,,,,,,,,,,,,
Myrmoteras,0,,,,,,,,,,,,
Euglossa ,0,,,,,,,,,,,,
Serrania,0,,,,,,,,,,,,
Babakotia,0,,,,,,,,,,,,
Tometes,0,,,,,,,,,,,,
Phrynomantis,0,,,,,,,,,,,,
Hispanotherium,0,,,,,,,,,,,,
Siffrhippus,0,,,,,,,,,,,,
Osteopilus,0,,,,,,,,,,,,
Charax,0,,,,,,,,,,,,
Propotto,0,,,,,,,,,,,,
Notemigonus,0,,,,,,,,,,,,
Lythurus,0,,,,,,,,,,,,
Archaeoindris,0,,,,,,,,,,,,
Sauropodomorpha,0,,,,,,,,,,,,
Smilosuchus,0,,,,,,,,,,,,
Pallasina,0,,,,,,,,,,,,
Arctotherium,0,,,,,,,,,,,,
Elaphas,0,,,,,,,,,,,,
Mastecembelus,0,,,,,,,,,,,,
Pristaulacus,0,,,,,,,,,,,,
Parapithecoidea,0,,,,,,,,,,,,
Tamasciurus ,0,,,,,,,,,,,,
Brachycheirotherium,0,,,,,,,,,,,,
Tapirus (Acrocodia),0,,,,,,,,,,,,
Cyprinella ,0,,,,,,,,,,,,
Zaltanpithecus,0,,,,,,,,,,,,
cf. Pronothodectes,0,,,,,,,,,,,,
[not referred],0,,,,,,,,,,,,
Coeodonta,0,,,,,,,,,,,,
Anthracotheriidae,0,,,,,,,,,,,,
Henonemus,0,,,,,,,,,,,,
Accipiter,0,,,,,,,,,,,,
Aushimia,0,,,,,,,,,,,,
Nettorhamphos,0,,,,,,,,,,,,
Cachryx,0,,,,,,,,,,,,
cf Rangwapithecus,0,,,,,,,,,,,,
Pachycrocuta,0,,,,,,,,,,,,
Colinus,0,,,,,,,,,,,,
Bos,0,,,,,,,,,,,,
Machairodus,0,,,,,,,,,,,,
Nanorana,0,,,,,,,,,,,,
Diadumene,0,,,,,,,,,,,,
Mesopropithecus,0,,,,,,,,,,,,
Oryzomys,0,,,,,,,,,,,,
Limnopus,0,,,,,,,,,,,,
Toluca,0,,,,,,,,,,,,
Parauchenoglanis,0,,,,,,,,,,,,
Casinycteris,0,,,,,,,,,,,,
Pondaungia,0,,,,,,,,,,,,
Creodont,0,,,,,,,,,,,,
Atelerix,0,,,,,,,,,,,,
?Biretia,0,,,,,,,,,,,,
Wyonycteris,0,,,,,,,,,,,,
Acanthocobitis,0,,,,,,,,,,,,
Nyctitheriidae,0,,,,,,,,,,,,
Tyto,0,,,,,,,,,,,,
Homoloselaps,0,,,,,,,,,,,,
Micropterus,0,,,,,,,,,,,,
Fieldsomys,0,,,,,,,,,,,,
Prosymna ,0,,,,,,,,,,,,
Cercopithecidae,0,,,,,,,,,,,,
Herodotius,0,,,,,,,,,,,,
Orthogonalys,0,,,,,,,,,,,,
Primate,0,,,,,,,,,,,,
Erythrolamprus,0,,,,,,,,,,,,
Erinaceomorpha,0,,,,,,,,,,,,
NewGenus,0,,,,,,,,,,,,
Pison,0,,,,,,,,,,,,
cf. Colpocherus,0,,,,,,,,,,,,
Inoceramus,0,,,,,,,,,,,,
Chamaesaura,0,,,,,,,,,,,,
Aipasiogeton,0,,,,,,,,,,,,
Dendropithecus,0,,,,,,,,,,,,
Mammal,0,,,,,,,,,,,,
Gobiesocidae,0,,,,,,,,,,,,
Pteromys,0,,,,,,,,,,,,
Ceuthomantis,0,,,,,,,,,,,,
"""Trionyx""",0,,,,,,,,,,,,
cf. Birkamys,0,,,,,,,,,,,,
Puffinus,0,,,,,,,,,,,,
Labiobarbus,0,,,,,,,,,,,,
Galagid,0,,,,,,,,,,,,
Cathartes,0,,,,,,,,,,,,
cf. Asiadapis,0,,,,,,,,,,,,
Circus,0,,,,,,,,,,,,
Comorrus,0,,,,,,,,,,,,
Nyticebus,0,,,,,,,,,,,,
cf. Palaeictops,0,,,,,,,,,,,,
Hampala,0,,,,,,,,,,,,
Ekembo,0,,,,,,,,,,,,
Fish,0,,,,,,,,,,,,
Neovison,0,,,,,,,,,,,,
Rodentia,0,,,,,,,,,,,,
Lepadogaster,0,,,,,,,,,,,,
Lorisidae,0,,,,,,,,,,,,
Hyloptes ,0,,,,,,,,,,,,
Duttaphrynus,0,,,,,,,,,,,,
Omomys,0,,,,,,,,,,,,
Primates,0,,,,,,,,,,,,
cf Proconsul,0,,,,,,,,,,,,
Iocrinus,0,,,,,,,,,,,,
cf. Talpavoides,0,,,,,,,,,,,,
Metriaclima ,0,,,,,,,,,,,,
Rhynichthys ,0,,,,,,,,,,,,
Odontobatrachus,0,,,,,,,,,,,,
Arthroleptis,1,1,,,,,,,,,,,
Agoniates,1,1,,,,,,,,,,,
Mormoops,1,1,,,,,,,,,,,
Anchomomys,1,1,,,,,,,,,,,
Dinohippus,1,1,,,,,,,,,,,
Parailurus,1,1,,,,,,,,,,,
Pipa,1,1,,,,,,,,,,,
Ecsenius,1,1,,,,,,,,,,,
Branisella,1,1,,,,,,,,,,,
Xenorhina,1,1,,,,,,,,,,,
Listriodon,1,1,,,,,,,,,,,
Mazzonicebus,1,1,,,,,,,,,,,
Megaerops,1,1,,,,,,,,,,,
Pachytriton,1,1,,,,,,,,,,,
Phoebastria ,1,1,,,,,,,,,,,
Atelopus,1,1,,,,,,,,,,,
Serpenticobitis,1,1,,,,,,,,,,,
Parocnus,1,1,,,,,,,,,,,
Cercopithecoides,1,1,,,,,,,,,,,
Homo,1,1,,,,,,,,,,,
Mammut,1,1,,,,,,,,,,,
Satan,1,1,,,,,,,,,,,
Varanus,1,1,,,,,,,,,,,
Cardioglossa,1,1,,,,,,,,,,,
Paraxerus,1,1,,,,,,,,,,,
Scotophilus,1,1,,,,,,,,,,,
Megaderma,1,1,,,,,,,,,,,
Gonostoma,1,1,,,,,,,,,,,
Leptonycteris,1,1,,,,,,,,,,,
Ectypodus,1,1,,,,,,,,,,,
Masrasector,1,1,,,,,,,,,,,
Nyctinomops,1,1,,,,,,,,,,,
Prognatholiparis,1,1,,,,,,,,,,,
Purgatorius,1,1,,,,,,,,,,,
Axoclinus,1,1,,,,,,,,,,,
Anguilla,1,1,,,,,,,,,,,
Krusatodon,1,1,,,,,,,,,,,
Prosantorhinus,1,1,,,,,,,,,,,
Tiktaalik,1,1,,,,,,,,,,,
Rhinophrynus,1,1,,,,,,,,,,,
Pelagocephalus,1,1,,,,,,,,,,,
Miocochilius,1,1,,,,,,,,,,,
Vulpes,1,1,,,,,,,,,,,
Phaethornis,1,1,,,,,,,,,,,
Buergeria,1,1,,,,,,,,,,,
Acinonyx,1,1,,,,,,,,,,,
Notopterus,1,1,,,,,,,,,,,
Steno,1,1,,,,,,,,,,,
Ursus,1,1,,,,,,,,,,,
Nyctimene,1,1,,,,,,,,,,,
Diplecogaster,1,1,,,,,,,,,,,
Anostomus,1,1,,,,,,,,,,,
Aethalops,1,1,,,,,,,,,,,
Platychoerops,1,1,,,,,,,,,,,
Rhampholeon,1,1,,,,,,,,,,,
Elephas,1,1,,,,,,,,,,,
Paranyctimene,1,1,,,,,,,,,,,
Cynops,1,1,,,,,,,,,,,
Nasua,1,1,,,,,,,,,,,
Lachesis,1,1,,,,,,,,,,,
Vintana,1,1,,,,,,,,,,,
Dermanura,1,1,,,,,,,,,,,
Promops,1,1,,,,,,,,,,,
Equatorius,1,1,,,,,,,,,,,
Ambystoma,1,1,,,,,,,,,,,
Nanonycteris,1,1,,,,,,,,,,,
Thoopterus,1,1,,,,,,,,,,,
Equus (plesippus),1,1,,,,,,,,,,,
Tapirus (Helicotapirus),1,1,,,,,,,,,,,
Vastanomys,1,1,,,,,,,,,,,
Allobates,1,1,,,,,,,,,,,
Trogon,1,1,,,,,,,,,,,
Selasphorus,1,1,,,,,,,,,,,
Indirana,1,1,,,,,,,,,,,
Rhacophorus,1,1,,,,,,,,,,,
Hypsignathus,1,1,,,,,,,,,,,
Hylopetes,1,1,,,,,,,,,,,
Erythrocebus,1,1,,,,,,,,,,,
Vespertilio,1,1,,,,,,,,,,,
Xenopus,1,1,,,,,,,,,,,
Pseudanos,1,1,,,,,,,,,,,
Apteronotus,1,1,,,,,,,,,,,
Takydromus,1,1,,,,,,,,,,,
Forbesichthys,1,1,,,,,,,,,,,
Erethizon,1,1,,,,,,,,,,,
Ameerega,1,1,,,,,,,,,,,
Ischnocnema,1,1,,,,,,,,,,,
Hypsiglena,1,1,,,,,,,,,,,
Neofiber,1,1,,,,,,,,,,,
Leptodactylus,1,1,,,,,,,,,,,
Dryomomys,1,1,,,,,,,,,,,
Natalus,1,1,,,,,,,,,,,
Widanelfarasia,1,1,,,,,,,,,,,
Clinus,1,1,,,,,,,,,,,
Radulinopsis,1,1,,,,,,,,,,,
Podilymbus,1,1,,,,,,,,,,,
Megaptera,1,1,,,,,,,,,,,
Neosaimiri,1,1,,,,,,,,,,,
Cynodon,1,1,,,,,,,,,,,
Tachyeres,1,1,,,,,,,,,,,
Trachops,1,1,,,,,,,,,,,
Moxostoma,1,1,,,,,,,,,,,
Pachycrocuta ,1,1,,,,,,,,,,,
Carpolestes,1,1,,,,,,,,,,,
Telmatosaurus,1,1,,,,,,,,,,,
Phasmatocottus,1,1,,,,,,,,,,,
Vombatus,1,1,,,,,,,,,,,
Pseudohomaloptera,1,1,,,,,,,,,,,
Lutra,1,1,,,,,,,,,,,
Anaxyrus,1,1,,,,,,,,,,,
Andamia,1,1,,,,,,,,,,,
Athene,1,1,,,,,,,,,,,
Theloderma,1,1,,,,,,,,,,,
Hydrictis,1,1,,,,,,,,,,,
Macroglossus,1,1,,,,,,,,,,,
Plethodontohyla,1,1,,,,,,,,,,,
Giraffa ,1,1,,,,,,,,,,,
Chilonatalus,1,1,,,,,,,,,,,
Afradapis,1,1,,,,,,,,,,,
Homunculus,1,1,,,,,,,,,,,
Gavia,1,1,,,,,,,,,,,
Psittacus,1,1,,,,,,,,,,,
Myodes,1,1,,,,,,,,,,,
Altiphrynoides,1,1,,,,,,,,,,,
Propalaeotherium,1,1,,,,,,,,,,,
Mylesinus,1,1,,,,,,,,,,,
Anchitherium,1,1,,,,,,,,,,,
Schistura,1,1,,,,,,,,,,,
Dromiciops,1,1,,,,,,,,,,,
Ara,1,1,,,,,,,,,,,
Enophrys,1,1,,,,,,,,,,,
Akhnatenavus,1,1,,,,,,,,,,,
Saxonella,1,1,,,,,,,,,,,
Mandrillus,1,1,,,,,,,,,,,
Suncus,1,1,,,,,,,,,,,
Sturnira,1,1,,,,,,,,,,,
Myoxocephalus,1,1,,,,,,,,,,,
Bunopithecus,1,1,,,,,,,,,,,
Caenopithecus,1,1,,,,,,,,,,,
Parahippus,1,1,,,,,,,,,,,
Noturus,1,1,,,,,,,,,,,
Colomesus,1,1,,,,,,,,,,,
Corucia,1,1,,,,,,,,,,,
Cryptacanthodes,1,1,,,,,,,,,,,
Hsunycteris,1,1,,,,,,,,,,,
Tatera,1,1,,,,,,,,,,,
Paedophryne,1,1,,,,,,,,,,,
Stephanorhinus,1,1,,,,,,,,,,,
Chaetodipus,1,1,,,,,,,,,,,
Hippocampus,1,1,,,,,,,,,,,
Tetonius,1,1,,,,,,,,,,,
Megaladapis,1,1,,,,,,,,,,,
Harpyionycteris,1,1,,,,,,,,,,,
Plectrurus,1,1,,,,,,,,,,,
Dinofelis,1,1,,,,,,,,,,,
Cedromus,1,1,,,,,,,,,,,
Lophiodon,1,1,,,,,,,,,,,
Leiodon,1,1,,,,,,,,,,,
Climacoporus,1,1,,,,,,,,,,,
Podiceps,1,1,,,,,,,,,,,
Melopsittacus,1,1,,,,,,,,,,,
 Prodolichotis,1,1,,,,,,,,,,,
Frostius,1,1,,,,,,,,,,,
Galeopterus,1,1,,,,,,,,,,,
Niptomomys,1,1,,,,,,,,,,,
Chrosomus,1,1,,,,,,,,,,,
Pteronotus,1,1,,,,,,,,,,,
Bolitoglossa,1,1,,,,,,,,,,,
Thalassophryne,1,1,,,,,,,,,,,
Sphyrapicus,1,1,,,,,,,,,,,
Calippus,1,1,,,,,,,,,,,
Diclidurus,1,1,,,,,,,,,,,
Rana,1,1,,,,,,,,,,,
Tylerius,1,1,,,,,,,,,,,
Hoolock,1,1,,,,,,,,,,,
Labidochromis ,1,1,,,,,,,,,,,
Eutamias,1,1,,,,,,,,,,,
Choeronycteris,1,1,,,,,,,,,,,
Trichomycterus,1,1,,,,,,,,,,,
Mirza,1,1,,,,,,,,,,,
Eumops,1,1,,,,,,,,,,,
Naja,1,1,,,,,,,,,,,
Aspidophoroides,1,1,,,,,,,,,,,
Seiurus,1,1,,,,,,,,,,,
Bothriogenys,1,1,,,,,,,,,,,
Arcius,1,1,,,,,,,,,,,
Tampichthys,1,1,,,,,,,,,,,
Molassitherium,1,1,,,,,,,,,,,
Plesiopithecus,1,1,,,,,,,,,,,
Notophthalmus,1,1,,,,,,,,,,,
Ansonia,1,1,,,,,,,,,,,
Nectophrynoides,1,1,,,,,,,,,,,
Adapis,1,1,,,,,,,,,,,
Nannippus,1,1,,,,,,,,,,,
Canthidermis,1,1,,,,,,,,,,,
Wolterstorffina,1,1,,,,,,,,,,,
Cyrtopodion,1,1,,,,,,,,,,,
Phallocottus,1,1,,,,,,,,,,,
Nectophryne,1,1,,,,,,,,,,,
Balaenoptera,1,1,,,,,,,,,,,
Peropteryx,1,1,,,,,,,,,,,
Anoura,1,1,,,,,,,,,,,
Platecarpus ,1,1,,,,,,,,,,,
Artibeus,1,1,,,,,,,,,,,
Acerodon,1,1,,,,,,,,,,,
Sylvilagus,1,1,,,,,,,,,,,
Gastrotheca,1,1,,,,,,,,,,,
Sternoptyx,1,1,,,,,,,,,,,
Sespedectes,1,1,,,,,,,,,,,
Haematopus,1,1,,,,,,,,,,,
Allactaga,1,1,,,,,,,,,,,
Chroicocephalus,1,1,,,,,,,,,,,
Clarias,1,1,,,,,,,,,,,
Dipodomys,1,1,,,,,,,,,,,
Passer,1,1,,,,,,,,,,,
Cephalopachus,1,1,,,,,,,,,,,
Didynamipus,1,1,,,,,,,,,,,
Musonycteris,1,1,,,,,,,,,,,
Adenomus,1,1,,,,,,,,,,,
Potorous,1,1,,,,,,,,,,,
Diomedea,1,1,,,,,,,,,,,
Enhydra,1,1,,,,,,,,,,,
Pipistrellus,1,1,,,,,,,,,,,
Prolemur,1,1,,,,,,,,,,,
Melanocetus,1,1,,,,,,,,,,,
Sifrhippus,1,1,,,,,,,,,,,
Acomys,1,1,,,,,,,,,,,
Lutrogale,1,1,,,,,,,,,,,
Texomys,1,1,,,,,,,,,,,
Phylloderma,1,1,,,,,,,,,,,
Calyptocephalella,1,1,,,,,,,,,,,
Emballonura,1,1,,,,,,,,,,,
Nycticeius,1,1,,,,,,,,,,,
Polyipnus,1,1,,,,,,,,,,,
Stumpffia,1,1,,,,,,,,,,,
Cristiceps,1,1,,,,,,,,,,,
Corvus,1,1,,,,,,,,,,,
Dicerorhinus,1,1,,,,,,,,,,,
Fulmarus,1,1,,,,,,,,,,,
Apomys,1,1,,,,,,,,,,,
Physoschistura,1,1,,,,,,,,,,,
Hemiacodon,1,1,,,,,,,,,,,
Glyphonycteris,1,1,,,,,,,,,,,
Atheris,1,1,,,,,,,,,,,
Grallator,1,1,,,,,,,,,,,
Nyctalus,1,1,,,,,,,,,,,
Schismaderma,1,1,,,,,,,,,,,
Acyrtus,1,1,,,,,,,,,,,
Apidium,1,1,,,,,,,,,,,
Leiopelma,1,1,,,,,,,,,,,
Varecia,1,1,,,,,,,,,,,
Protosiren,1,1,,,,,,,,,,,
Felis,1,1,,,,,,,,,,,
Micromys,1,1,,,,,,,,,,,
Tarsius,1,1,,,,,,,,,,,
Megalocottus,1,1,,,,,,,,,,,
Asiadapis,1,1,,,,,,,,,,,
Vanellus,1,1,,,,,,,,,,,
Uria,1,1,,,,,,,,,,,
Phacochoerus,1,1,,,,,,,,,,,
Adenomera,1,1,,,,,,,,,,,
Glaucomys,1,1,,,,,,,,,,,
Melanobatrachus,1,1,,,,,,,,,,,
Titanoboa,1,1,,,,,,,,,,,
Symphalangus,1,1,,,,,,,,,,,
Plesiadapis,1,1,,,,,,,,,,,
Acris,1,1,,,,,,,,,,,
Marcgodinotius,1,1,,,,,,,,,,,
Tylonycteris,1,1,,,,,,,,,,,
Monophyllus,1,1,,,,,,,,,,,
Eonycteris,1,1,,,,,,,,,,,
Yuriria,1,1,,,,,,,,,,,
Leporinus,1,1,,,,,,,,,,,
Strabomantis,1,1,,,,,,,,,,,
Chatrabus,1,1,,,,,,,,,,,
Metanchilophus,1,1,,,,,,,,,,,
Noctilio,1,1,,,,,,,,,,,
Lariscus ,1,1,,,,,,,,,,,
Nyctixalus,1,1,,,,,,,,,,,
Spheniscus,1,1,,,,,,,,,,,
Margariscus,1,1,,,,,,,,,,,
Cerastes,1,1,,,,,,,,,,,
Balionycteris,1,1,,,,,,,,,,,
Uperodon,1,1,,,,,,,,,,,
Eptatretus,1,1,,,,,,,,,,,
Dendrocopos,1,1,,,,,,,,,,,
Neofelis,1,1,,,,,,,,,,,
Donrussellia,1,1,,,,,,,,,,,
Mops,1,1,,,,,,,,,,,
Conohyus,1,1,,,,,,,,,,,
Phanerodon,1,1,,,,,,,,,,,
Dremomys ,1,1,,,,,,,,,,,
Absarokius,1,1,,,,,,,,,,,
Taeniopygia,1,1,,,,,,,,,,,
Pavoclinus,1,1,,,,,,,,,,,
Metridiochoerus,1,1,,,,,,,,,,,
Hirculops,1,1,,,,,,,,,,,
Myopterus,1,1,,,,,,,,,,,
Brachyopsis,1,1,,,,,,,,,,,
Ametrida,1,1,,,,,,,,,,,
Lepadichthys,1,1,,,,,,,,,,,
Eutoxeres,1,1,,,,,,,,,,,
Intellagama,1,1,,,,,,,,,,,
Myotis,1,1,,,,,,,,,,,
Dispholidus,1,1,,,,,,,,,,,
Gastrophryne,1,1,,,,,,,,,,,
Ochotona,1,1,,,,,,,,,,,
Microcottus,1,1,,,,,,,,,,,
Nyanzapithecus,1,1,,,,,,,,,,,
Redunca,1,1,,,,,,,,,,,
Onychonycteris,1,1,,,,,,,,,,,
Plagiotremus,1,1,,,,,,,,,,,
Occidozyga,1,1,,,,,,,,,,,
Sabanejewia,1,1,,,,,,,,,,,
Sternarchorhynchus,1,1,,,,,,,,,,,
Rhinolophus,1,1,,,,,,,,,,,
Amphichthys,1,1,,,,,,,,,,,
Pronolagus,1,1,,,,,,,,,,,
Centrolene,1,1,,,,,,,,,,,
Bustylus,1,1,,,,,,,,,,,
Neohomaloptera,1,1,,,,,,,,,,,
Leptadapis,1,1,,,,,,,,,,,
Copemys,1,1,,,,,,,,,,,
Auriglobus,1,1,,,,,,,,,,,
Labidochromis,1,1,,,,,,,,,,,
Chauna,1,1,,,,,,,,,,,
Pelobates,1,1,,,,,,,,,,,
Lissotriton,1,1,,,,,,,,,,,
Chaperina,1,1,,,,,,,,,,,
Neohipparion,1,1,,,,,,,,,,,
Chrosomus ,1,1,,,,,,,,,,,
Paedophryne ,1,1,,,,,,,,,,,
Aztecula,1,1,,,,,,,,,,,
Vampyrodes,1,1,,,,,,,,,,,
Macrotus,1,1,,,,,,,,,,,
Siren,1,1,,,,,,,,,,,
Tiliqua,1,1,,,,,,,,,,,
Archistes,1,1,,,,,,,,,,,
Chaerephon,1,1,,,,,,,,,,,
Agalychnis,1,1,,,,,,,,,,,
Hiodon,1,1,,,,,,,,,,,
Cynomops,1,1,,,,,,,,,,,
Edworthia,1,1,,,,,,,,,,,
Parapapio,1,1,,,,,,,,,,,
Megantereon,1,1,,,,,,,,,,,
Acidomomys,1,1,,,,,,,,,,,
Eosimias ,1,1,,,,,,,,,,,
Salarias,1,1,,,,,,,,,,,
Prionomys,1,1,,,,,,,,,,,
Parophrys,1,1,,,,,,,,,,,
Hylobates,1,1,,,,,,,,,,,
Desmodus,1,1,,,,,,,,,,,
Alectoris,1,1,,,,,,,,,,,
Brevimyrus,1,1,,,,,,,,,,,
Normanichthys,1,1,,,,,,,,,,,
Alabes,1,1,,,,,,,,,,,
Vellitor,1,1,,,,,,,,,,,
Microparamys,1,1,,,,,,,,,,,
Dinopithecus,1,1,,,,,,,,,,,
Proteopithecus,1,1,,,,,,,,,,,
Aromobates,1,1,,,,,,,,,,,
Megalonyx,1,1,,,,,,,,,,,
Diceros,1,1,,,,,,,,,,,
Hesperocyon,1,1,,,,,,,,,,,
Lemur,1,1,,,,,,,,,,,
Balitoropsis,1,1,,,,,,,,,,,
Posidonichthys,1,1,,,,,,,,,,,
Rooneyia,1,1,,,,,,,,,,,
Ankylosaurus,1,1,,,,,,,,,,,
Alticola,1,1,,,,,,,,,,,
Nesokia,1,1,,,,,,,,,,,
Creagrus,1,1,,,,,,,,,,,
Sinogastromyzon,1,1,,,,,,,,,,,
Thoropa,1,1,,,,,,,,,,,
Crocuta,1,1,,,,,,,,,,,
Carpiodes,1,1,,,,,,,,,,,
Pteronura,1,1,,,,,,,,,,,
Scotonycteris,1,1,,,,,,,,,,,
Siamogale,1,1,,,,,,,,,,,
Homarus,1,1,,,,,,,,,,,
Feihyla,1,1,,,,,,,,,,,
Rhombophryne,1,1,,,,,,,,,,,
Soriacebus,1,1,,,,,,,,,,,
Carlito,1,1,,,,,,,,,,,
Coracias,1,1,,,,,,,,,,,
Cervalces,1,1,,,,,,,,,,,
Mus,1,1,,,,,,,,,,,
Probreviceps,1,1,,,,,,,,,,,
Chiroderma,1,1,,,,,,,,,,,
Triathalassothia,1,1,,,,,,,,,,,
Pristinailurus,1,1,,,,,,,,,,,
Ratufa,1,1,,,,,,,,,,,
Murina,1,1,,,,,,,,,,,
Afrotarsius,1,1,,,,,,,,,,,
Ptenochirus,1,1,,,,,,,,,,,
Penthetor,1,1,,,,,,,,,,,
Calotriton,1,1,,,,,,,,,,,
Peromyscus,1,1,,,,,,,,,,,
Epomops,1,1,,,,,,,,,,,
Agonus,1,1,,,,,,,,,,,
Lyriocephalus,1,1,,,,,,,,,,,
Serapia,1,1,,,,,,,,,,,
Lycyaenops,1,1,,,,,,,,,,,
Papio,1,1,,,,,,,,,,,
Cochleoceps,1,1,,,,,,,,,,,
Tylototriton,1,1,,,,,,,,,,,
Funisciurus,1,1,,,,,,,,,,,
Dicrurus,1,1,,,,,,,,,,,
Xenomedea,1,1,,,,,,,,,,,
Shoshonius,1,1,,,,,,,,,,,
Kabirmys,1,1,,,,,,,,,,,
Eoryctes,1,1,,,,,,,,,,,
Thyroptera,1,1,,,,,,,,,,,
Viverra,1,1,,,,,,,,,,,
Australopithecus,1,1,,,,,,,,,,,
Heteromys,1,1,,,,,,,,,,,
Mubhammys,1,1,,,,,,,,,,,
Balantiopteryx,1,1,,,,,,,,,,,
Gyrinophilus,1,1,,,,,,,,,,,
Cochranella,1,1,,,,,,,,,,,
Protoxerus,1,1,,,,,,,,,,,
Megaloglossus,1,1,,,,,,,,,,,
Heteroclinus,1,1,,,,,,,,,,,
Otomops,1,1,,,,,,,,,,,
Brachypotherium,1,1,,,,,,,,,,,
Phyllobates,1,1,,,,,,,,,,,
Orovenator,1,1,,,,,,,,,,,
Djebelemur,1,1,,,,,,,,,,,
Hadromophryne,1,1,,,,,,,,,,,
Archaeohippus,1,1,,,,,,,,,,,
Otopteropus,1,1,,,,,,,,,,,
Trichosurus,1,1,,,,,,,,,,,
Eptesicus,1,1,,,,,,,,,,,
Neocnus,1,1,,,,,,,,,,,
Cynopterus,1,1,,,,,,,,,,,
Lophostoma,1,1,,,,,,,,,,,
Philautus,1,1,,,,,,,,,,,
Nekrolagus,1,1,,,,,,,,,,,
Tapirus,1,1,,,,,,,,,,,
Bathymaster,1,1,,,,,,,,,,,
Microsyops,1,1,,,,,,,,,,,
Centronycteris,1,1,,,,,,,,,,,
Lopholiparis,1,1,,,,,,,,,,,
Afrixalus,1,1,,,,,,,,,,,
Raorchestes,1,1,,,,,,,,,,,
Cairina,1,1,,,,,,,,,,,
Ptilinopus,1,1,,,,,,,,,,,
Lasionycteris,1,1,,,,,,,,,,,
Platygobio,1,1,,,,,,,,,,,
Palaeolagus,1,1,,,,,,,,,,,
Palmoliparis,1,1,,,,,,,,,,,
Vegavis ,1,1,,,,,,,,,,,
Elops,1,1,,,,,,,,,,,
Oryctolagus,1,1,,,,,,,,,,,
Vampyriscus,1,1,,,,,,,,,,,
Helcogramma ,1,1,,,,,,,,,,,
Scolopax,1,1,,,,,,,,,,,
Elates,1,1,,,,,,,,,,,
Masradapis,1,1,,,,,,,,,,,
Pleurodeles,1,1,,,,,,,,,,,
Quasipaa,1,1,,,,,,,,,,,
Ceratotherium,1,1,,,,,,,,,,,
Callosciurus,1,1,,,,,,,,,,,
Lerista,1,1,,,,,,,,,,,
Rhinopithecus,1,1,,,,,,,,,,,
Orcinus,1,1,,,,,,,,,,,
Carlocebus,1,1,,,,,,,,,,,
Rodent,1,1,,,,,,,,,,,
Hylarana,1,1,,,,,,,,,,,
Emblemariopsis,1,1,,,,,,,,,,,
Hadropithecus,1,1,,,,,,,,,,,
Nasikabatrachus,1,1,,,,,,,,,,,
Mertensophryne,1,1,,,,,,,,,,,
Actitis,1,1,,,,,,,,,,,
Alagomys,1,1,,,,,,,,,,,
Adapoides,1,1,,,,,,,,,,,
Lynx,1,1,,,,,,,,,,,
Phloeomys,1,1,,,,,,,,,,,
Ramphastos,1,1,,,,,,,,,,,
Acratocnus,1,1,,,,,,,,,,,
Dermogenys,1,1,,,,,,,,,,,
Heleophryne,1,1,,,,,,,,,,,
Phyllodytes,1,1,,,,,,,,,,,
Gillellus,1,1,,,,,,,,,,,
Lepus,1,1,,,,,,,,,,,
Amazona,1,1,,,,,,,,,,,
Dobsonia,1,1,,,,,,,,,,,
Henicorhynchus,1,1,,,,,,,,,,,
Iguana,1,1,,,,,,,,,,,
Triturus,1,1,,,,,,,,,,,
Procavia,1,1,,,,,,,,,,,
Leptolalax,1,1,,,,,,,,,,,
Anilios,1,1,,,,,,,,,,,
Parapithecus,1,1,,,,,,,,,,,
Yaoshania,1,1,,,,,,,,,,,
Stenella,1,1,,,,,,,,,,,
Wannia,1,1,,,,,,,,,,,
Brychotherium,1,1,,,,,,,,,,,
Xiphasia,1,1,,,,,,,,,,,
Glossophaga,1,1,,,,,,,,,,,
Philetor,1,1,,,,,,,,,,,
Ophryophryne,1,1,,,,,,,,,,,
Corydoras,1,1,,,,,,,,,,,
Hypophthalmichthys,1,1,,,,,,,,,,,
Lepidosiren,1,1,,,,,,,,,,,
Lepidoblepharis,1,1,,,,,,,,,,,
Beaufortia,1,1,,,,,,,,,,,
Gorgopithecus,1,1,,,,,,,,,,,
Rhinosciurus ,1,1,,,,,,,,,,,
Porichthys,1,1,,,,,,,,,,,
Gerbillus,1,1,,,,,,,,,,,
Psammomys,1,1,,,,,,,,,,,
Antrozous,1,1,,,,,,,,,,,
Cercopithecus,1,1,,,,,,,,,,,
Pteropus,1,1,,,,,,,,,,,
Xenophrys,1,1,,,,,,,,,,,
Peltophryne,1,1,,,,,,,,,,,
Lasiurus,1,1,,,,,,,,,,,
Globicephala ,1,1,,,,,,,,,,,
Triopticus,1,1,,,,,,,,,,,
Macaca,1,1,,,,,,,,,,,
Artediellus,1,1,,,,,,,,,,,
Callicebus ,1,1,,,,,,,,,,,
Ptilodus,1,1,,,,,,,,,,,
Parablennius,1,1,,,,,,,,,,,
Hyalinobatrachium,1,1,,,,,,,,,,,
Micropithecus,1,1,,,,,,,,,,,
Phoxinus,1,1,,,,,,,,,,,
Afropithecus,1,1,,,,,,,,,,,
Hesperoptenus,1,1,,,,,,,,,,,
Panthera,1,1,,,,,,,,,,,
Ichthyosaura,1,1,,,,,,,,,,,
Onychomys,1,1,,,,,,,,,,,
Karanisia,1,1,,,,,,,,,,,
Aonyx,1,1,,,,,,,,,,,
Vladichthys,1,1,,,,,,,,,,,
Amolops,1,1,,,,,,,,,,,
Pachylemur,1,1,,,,,,,,,,,
Myonycteris,1,1,,,,,,,,,,,
Alcalus,1,1,,,,,,,,,,,
Edmontosaurus,1,1,,,,,,,,,,,
Chiromyoides,1,1,,,,,,,,,,,
Uroderma,1,1,,,,,,,,,,,
Pelodytes,1,1,,,,,,,,,,,
Miopithecus,1,1,,,,,,,,,,,
Colostethus,1,1,,,,,,,,,,,
Mammuthus,1,1,,,,,,,,,,,
Tamiasciurus,1,1,,,,,,,,,,,
Dibamus,1,1,,,,,,,,,,,
Leptagonus,1,1,,,,,,,,,,,
Hapalemur,1,1,,,,,,,,,,,
Formosania,1,1,,,,,,,,,,,
Eidolon,1,1,,,,,,,,,,,
Poecilia,1,1,,,,,,,,,,,
Chen ,1,1,,,,,,,,,,,
Melanophryniscus,1,1,,,,,,,,,,,
Saharagalago,1,1,,,,,,,,,,,
Syncope,1,1,,,,,,,,,,,
Corynorhinus,1,1,,,,,,,,,,,
Coendou,1,1,,,,,,,,,,,
Mormopterus,1,1,,,,,,,,,,,
Perimyotis,1,1,,,,,,,,,,,
Diaceratherium,1,1,,,,,,,,,,,
Rattus,1,1,,,,,,,,,,,
Washakius,1,1,,,,,,,,,,,
Pao,1,1,,,,,,,,,,,
Chasmaporthetes,1,1,,,,,,,,,,,
Taphozous,1,1,,,,,,,,,,,
Alutera,1,1,,,,,,,,,,,
Ariteus,1,1,,,,,,,,,,,
Rhogeessa,1,1,,,,,,,,,,,
Gymnothorax,1,1,,,,,,,,,,,
Brachycephalus,1,1,,,,,,,,,,,
Molossus,1,1,,,,,,,,,,,
Hypsugo,1,1,,,,,,,,,,,
Manis,1,1,,,,,,,,,,,
Plecotus,1,1,,,,,,,,,,,
Heliosciurus ,1,1,,,,,,,,,,,
Ourayia,1,1,,,,,,,,,,,
Macrochelys,1,1,,,,,,,,,,,
Falco,1,1,,,,,,,,,,,
Falcipennis,1,1,,,,,,,,,,,
Diaemus,1,1,,,,,,,,,,,
Triprion,1,1,,,,,,,,,,,
Coturnix,1,1,,,,,,,,,,,
Eunectes,1,1,,,,,,,,,,,
Mirolabrichthys,1,1,,,,,,,,,,,
Tremacebus,1,1,,,,,,,,,,,
Eustreptospondylus,1,1,,,,,,,,,,,
Labeobarbus,1,1,,,,,,,,,,,
Rousettus,1,1,,,,,,,,,,,
Columba,1,1,,,,,,,,,,,
Cheiromeles,1,1,,,,,,,,,,,
Afrodon,1,1,,,,,,,,,,,
Sphaerias,1,1,,,,,,,,,,,
Truebella,1,1,,,,,,,,,,,
Eulemur,1,1,,,,,,,,,,,
Lupinoblennius,1,1,,,,,,,,,,,
Eurygnathohippus,1,1,,,,,,,,,,,
Acanthorhynchus,1,1,,,,,,,,,,,
Cyrtodactylus,1,1,,,,,,,,,,,
Alca,1,1,,,,,,,,,,,
Narcine,1,1,,,,,,,,,,,
Arsinoea,1,1,,,,,,,,,,,
Saccopteryx,1,1,,,,,,,,,,,
Rhyncholestes,1,1,,,,,,,,,,,
Thyrohyrax,1,1,,,,,,,,,,,
Daubentonia,1,1,,,,,,,,,,,
Platyrrhinus,1,1,,,,,,,,,,,
Trachelochismus,1,1,,,,,,,,,,,
Birkamys,1,1,,,,,,,,,,,
Hyaena,1,1,,,,,,,,,,,
Teilhardina,1,1,,,,,,,,,,,
Arapahovius,1,1,,,,,,,,,,,
Idionycteris,1,1,,,,,,,,,,,
Odorrana,1,1,,,,,,,,,,,
Elachistocleis,1,1,,,,,,,,,,,
Gyrinichthys,1,1,,,,,,,,,,,
Qatrania,1,1,,,,,,,,,,,
Atilax,1,1,,,,,,,,,,,
Premnoides,1,1,,,,,,,,,,,
Lichonycteris,1,1,,,,,,,,,,,
Microdevario,1,1,,,,,,,,,,,
Notoclinops,1,1,,,,,,,,,,,
Arctictis,1,1,,,,,,,,,,,
Eremotherium,1,1,,,,,,,,,,,
Mesophylla,1,1,,,,,,,,,,,
Micrixalus,1,1,,,,,,,,,,,
Brachytarsophrys,1,1,,,,,,,,,,,
Catopithecus,1,1,,,,,,,,,,,
Nycteris,1,1,,,,,,,,,,,
Nannodectes,1,1,,,,,,,,,,,
Trachemys,1,1,,,,,,,,,,,
Presbyornis ,1,1,,,,,,,,,,,
Haplonycteris,1,1,,,,,,,,,,,
Urogale,1,1,,,,,,,,,,,
Ptolemaia,1,1,,,,,,,,,,,
Telmatobius,1,1,,,,,,,,,,,
Tadarida,1,1,,,,,,,,,,,
Epomophorus,1,1,,,,,,,,,,,
Antidorcas,1,1,,,,,,,,,,,
Polypedates,1,1,,,,,,,,,,,
Tonatia,1,1,,,,,,,,,,,
Panamacebus,1,1,,,,,,,,,,,
Phyllops,1,1,,,,,,,,,,,
Eigenmannia,1,1,,,,,,,,,,,
Spermophilus,1,1,,,,,,,,,,,
Leptodactylodon,1,1,,,,,,,,,,,
Kerivoula,1,1,,,,,,,,,,,
Petinomys ,1,1,,,,,,,,,,,
Wadilemur,1,1,,,,,,,,,,,
Pronothodectes,1,1,,,,,,,,,,,
Petalichthys,1,1,,,,,,,,,,,
Heteroconger,1,1,,,,,,,,,,,
Stegoceras,1,1,,,,,,,,,,,
Trichobatrachus,1,1,,,,,,,,,,,
Laurentophryne,1,1,,,,,,,,,,,
Archaeolemur,1,1,,,,,,,,,,,
Goniurosaurus,1,1,,,,,,,,,,,
Beelzebufo,1,1,,,,,,,,,,,
Elphidotarsius,1,1,,,,,,,,,,,
Rhinophylla,1,1,,,,,,,,,,,
Sciurus,1,1,,,,,,,,,,,
Diporiphora,1,1,,,,,,,,,,,
Clypeobarbus,1,1,,,,,,,,,,,
Neoromicia,1,1,,,,,,,,,,,
Pongo,2,0.8925,0.1075,,,,,,,,,,
Diodon,2,0.6666666667,0.3333333333,,,,,,,,,,
Ditrema,2,0.7692307692,0.2307692308,,,,,,,,,,
Lestoros,2,0.9929577465,0.0070422535,,,,,,,,,,
Hoplobatrachus,2,0.88,0.12,,,,,,,,,,
Phyllostomus,2,0.9991666667,0.0008333333,,,,,,,,,,
Tupaia,2,0.9446808511,0.0553191489,,,,,,,,,,
Elwynella,2,0.6666666667,0.3333333333,,,,,,,,,,
Craugastor,2,0.9833333333,0.0166666667,,,,,,,,,,
Gloydius,2,0.8166666667,0.1833333333,,,,,,,,,,
Spelaeophryne ,2,0.6458333333,0.3541666667,,,,,,,,,,
Agkistrodon,2,0.7142857143,0.2857142857,,,,,,,,,,
Crypholestes,2,0.8516746411,0.1483253589,,,,,,,,,,
Roeboides,2,0.9649122807,0.0350877193,,,,,,,,,,
Aselliscus,2,0.7652027027,0.2347972973,,,,,,,,,,
Diphylla,2,0.98,0.02,,,,,,,,,,
Risor,2,0.9523809524,0.0476190476,,,,,,,,,,
Chrotopterus,2,0.9796511628,0.0203488372,,,,,,,,,,
Theropithecus,2,0.8916256158,0.1083743842,,,,,,,,,,
Allenopithecus,2,0.8684210526,0.1315789474,,,,,,,,,,
Chitonotus,2,0.9565217391,0.0434782609,,,,,,,,,,
Hemiphractus,2,0.9180327869,0.0819672131,,,,,,,,,,
Asellia,2,0.695,0.305,,,,,,,,,,
Heloderma,2,0.6545454545,0.3454545455,,,,,,,,,,
Relictus,2,0.6,0.4,,,,,,,,,,
Saguinus,2,0.5826388889,0.4173611111,,,,,,,,,,
Ithycyphus,2,0.9696969697,0.0303030303,,,,,,,,,,
Diademichthys,2,0.9,0.1,,,,,,,,,,
Cuculus,2,0.8064516129,0.1935483871,,,,,,,,,,
Neoditrema,2,0.7647058824,0.2352941176,,,,,,,,,,
Dactyloscopus,2,0.7719298246,0.2280701754,,,,,,,,,,
Trichoglossus,2,0.9875,0.0125,,,,,,,,,,
Pherallodiscus,2,0.7362637363,0.2637362637,,,,,,,,,,
Mahgarita,2,0.8333333333,0.1666666667,,,,,,,,,,
Proterixoides,2,0.5897435897,0.4102564103,,,,,,,,,,
Cnemidophorus,2,0.6666666667,0.3333333333,,,,,,,,,,
Plica,2,0.5777777778,0.4222222222,,,,,,,,,,
Cottus,2,0.9943181818,0.0056818182,,,,,,,,,,
Palaeotherium,2,0.9821428571,0.0178571429,,,,,,,,,,
Hemisus,2,0.8151041667,0.1848958333,,,,,,,,,,
Stenoderma,2,0.9734513274,0.0265486726,,,,,,,,,,
Balebreviceps,2,0.5,0.5,,,,,,,,,,
Chiasmocleis,2,0.962962963,0.037037037,,,,,,,,,,
Labrisomus,2,0.9534883721,0.0465116279,,,,,,,,,,
Planigale,2,0.96,0.04,,,,,,,,,,
Japalura,2,0.525,0.475,,,,,,,,,,
Phaner,2,0.8095238095,0.1904761905,,,,,,,,,,
Dasycottus,2,0.887755102,0.112244898,,,,,,,,,,
Hipposideros,2,0.5406698565,0.4593301435,,,,,,,,,,
Belonion,2,0.7916666667,0.2083333333,,,,,,,,,,
Cheirogaleus,2,0.88,0.12,,,,,,,,,,
Fejervarya,2,0.795,0.205,,,,,,,,,,
Ricuzenius,2,0.8571428571,0.1428571429,,,,,,,,,,
Crenadactylus,2,0.9725,0.0275,,,,,,,,,,
Homotherium,2,0.9634146341,0.0365853659,,,,,,,,,,
Cebupithecia,2,0.8,0.2,,,,,,,,,,
Bothragonus,2,0.9,0.1,,,,,,,,,,
Crystallias,2,0.8333333333,0.1666666667,,,,,,,,,,
Ascelichthys,2,0.9666666667,0.0333333333,,,,,,,,,,
Simocyon,2,0.75,0.25,,,,,,,,,,
Neonoemacheilus,2,0.75,0.25,,,,,,,,,,
Chrysobatrachus,2,0.5,0.5,,,,,,,,,,
Teius,2,0.686746988,0.313253012,,,,,,,,,,
Rheobates,2,0.8008849558,0.1991150442,,,,,,,,,,
Smilodon,2,0.7543859649,0.2456140351,,,,,,,,,,
Canis,2,0.7863849765,0.2136150235,,,,,,,,,,
Sanopus,2,0.9090909091,0.0909090909,,,,,,,,,,
Aptocyclus,2,0.8875,0.1125,,,,,,,,,,
Leporellus,2,0.9722222222,0.0277777778,,,,,,,,,,
Correlophus,2,0.7692307692,0.2307692308,,,,,,,,,,
Traccatichthys,2,0.6666666667,0.3333333333,,,,,,,,,,
Crocodilichthys,2,0.9916666667,0.0083333333,,,,,,,,,,
Spea,2,0.5575,0.4425,,,,,,,,,,
Uromastyx,2,0.8,0.2,,,,,,,,,,
Ochrotomys,2,0.9875,0.0125,,,,,,,,,,
Amnirana,2,0.9932885906,0.0067114094,,,,,,,,,,
Gelochelidon,2,0.6206896552,0.3793103448,,,,,,,,,,
Chlorocebus,2,0.8341523342,0.1658476658,,,,,,,,,,
Rhinoceros,2,0.9863013699,0.0136986301,,,,,,,,,,
Callixalus,2,0.7142857143,0.2857142857,,,,,,,,,,
Zapus,2,0.97,0.03,,,,,,,,,,
Arctocebus,2,0.8166666667,0.1833333333,,,,,,,,,,
Compsaraia,2,0.6666666667,0.3333333333,,,,,,,,,,
Aeromys,2,0.9090909091,0.0909090909,,,,,,,,,,
Aythya,2,0.9125,0.0875,,,,,,,,,,
Odonus,2,0.9404761905,0.0595238095,,,,,,,,,,
Trogloglanis,2,0.95,0.05,,,,,,,,,,
Micronycteris,2,0.9876221498,0.0123778502,,,,,,,,,,
Kinosternon,2,0.9104477612,0.0895522388,,,,,,,,,,
Chaenopsis,2,0.96875,0.03125,,,,,,,,,,
Kassina,2,0.585,0.415,,,,,,,,,,
Tydemania,2,0.8333333333,0.1666666667,,,,,,,,,,
Propliopithecus,2,0.7708333333,0.2291666667,,,,,,,,,,
Sternopygus,2,0.75,0.25,,,,,,,,,,
Barbus,2,0.7272727273,0.2727272727,,,,,,,,,,
Enneapterygius ,2,0.9285714286,0.0714285714,,,,,,,,,,
Peradectes,2,0.8975,0.1025,,,,,,,,,,
Tupinambis,2,0.9305555556,0.0694444444,,,,,,,,,,
Aspasmichthys,2,0.75,0.25,,,,,,,,,,
Ahaetulla,2,0.8,0.2,,,,,,,,,,
Sigmistes,2,0.8571428571,0.1428571429,,,,,,,,,,
Amblygaster,2,0.9880952381,0.0119047619,,,,,,,,,,
Arctodus,2,0.9205298013,0.0794701987,,,,,,,,,,
Argyropelecus,2,0.793814433,0.206185567,,,,,,,,,,
Myersglanis,2,0.8461538462,0.1538461538,,,,,,,,,,
Allocareproctus,2,0.9565217391,0.0434782609,,,,,,,,,,
Phasianus,2,0.8175,0.1825,,,,,,,,,,
Antechinus,2,0.9975,0.0025,,,,,,,,,,
Sooglossus,2,0.9971181556,0.0028818444,,,,,,,,,,
Creocele,2,0.9090909091,0.0909090909,,,,,,,,,,
Aspidontus,2,0.9,0.1,,,,,,,,,,
Dinictis,2,0.6,0.4,,,,,,,,,,
Mimon,2,0.9979035639,0.0020964361,,,,,,,,,,
Cryptobranchus,2,0.6555555556,0.3444444444,,,,,,,,,,
Perodicticus,2,0.6425,0.3575,,,,,,,,,,
Crystallichthys,2,0.99,0.01,,,,,,,,,,
Porocottus,2,0.9487179487,0.0512820513,,,,,,,,,,
Trichocottus,2,0.7692307692,0.2307692308,,,,,,,,,,
Pelomedusa,2,0.9308176101,0.0691823899,,,,,,,,,,
Edestus,2,0.7142857143,0.2857142857,,,,,,,,,,
Perulibatrachus,2,0.5,0.5,,,,,,,,,,
Gila ,2,0.9173553719,0.0826446281,,,,,,,,,,
Chelydra,2,0.99,0.01,,,,,,,,,,
Takifugu,2,0.8181818182,0.1818181818,,,,,,,,,,
Ciconia,2,0.96875,0.03125,,,,,,,,,,
Gymnoscyphus,2,0.6,0.4,,,,,,,,,,
Acritoparamys,2,0.7368421053,0.2631578947,,,,,,,,,,
Homalopterula,2,0.5,0.5,,,,,,,,,,
Neolissochilus,2,0.75,0.25,,,,,,,,,,
Thyriscus,2,0.9464285714,0.0535714286,,,,,,,,,,
Neobatrachus,2,0.995,0.005,,,,,,,,,,
Colobus,2,0.8864285714,0.1135714286,,,,,,,,,,
Lamprologus,2,0.6666666667,0.3333333333,,,,,,,,,,
Rhynchotus,2,0.9743589744,0.0256410256,,,,,,,,,,
Argenteohyla,2,0.8333333333,0.1666666667,,,,,,,,,,
Ateles,2,0.9336363636,0.0663636364,,,,,,,,,,
Proconsul,2,0.75,0.25,,,,,,,,,,
Oophaga,2,0.9425,0.0575,,,,,,,,,,
Hypoclinemus,2,0.75,0.25,,,,,,,,,,
Taeniophallus,2,0.8333333333,0.1666666667,,,,,,,,,,
Bero,2,0.8,0.2,,,,,,,,,,
Loris,2,0.8946078431,0.1053921569,,,,,,,,,,
Rieppeleon,2,0.8125,0.1875,,,,,,,,,,
Egernia,2,0.955,0.045,,,,,,,,,,
Nyctibates,2,0.9056603774,0.0943396226,,,,,,,,,,
Dendrogale,2,0.6913580247,0.3086419753,,,,,,,,,,
Semnopithecus,2,0.9159663866,0.0840336134,,,,,,,,,,
Pterocles,2,0.7142857143,0.2857142857,,,,,,,,,,
Phascolarctos,2,0.985,0.015,,,,,,,,,,
Dacelo,2,0.9875,0.0125,,,,,,,,,,
Hypleurochilus,2,0.9523809524,0.0476190476,,,,,,,,,,
Stenodactylus,2,0.6857142857,0.3142857143,,,,,,,,,,
Chologaster,2,0.976744186,0.023255814,,,,,,,,,,
Pygathrix,2,0.9029850746,0.0970149254,,,,,,,,,,
Lampropeltis,2,0.7538461538,0.2461538462,,,,,,,,,,
Mccoskerichthys,2,0.9333333333,0.0666666667,,,,,,,,,,
Sewellia,2,0.8,0.2,,,,,,,,,,
Megalosaurus,2,0.75,0.25,,,,,,,,,,
Pseudoblennius,2,0.5,0.5,,,,,,,,,,
Vultur,2,0.7608695652,0.2391304348,,,,,,,,,,
Protemblemaria,2,0.8333333333,0.1666666667,,,,,,,,,,
Odontopyxis,2,0.75,0.25,,,,,,,,,,
Mystus,2,0.75,0.25,,,,,,,,,,
Reithrodontomys,2,0.9875,0.0125,,,,,,,,,,
Litoria,2,0.9975,0.0025,,,,,,,,,,
Dasyurus,2,0.995,0.005,,,,,,,,,,
Atopocottus,2,0.7142857143,0.2857142857,,,,,,,,,,
Furcina,2,0.5238095238,0.4761904762,,,,,,,,,,
Sibynophis,2,0.6428571429,0.3571428571,,,,,,,,,,
Azibius,2,0.8,0.2,,,,,,,,,,
Trachylepis,2,0.8785046729,0.1214953271,,,,,,,,,,
Limnopithecus,2,0.9285714286,0.0714285714,,,,,,,,,,
Centurio,2,0.985,0.015,,,,,,,,,,
Chamaeleo,2,0.8883248731,0.1116751269,,,,,,,,,,
Brachylophus,2,0.9473684211,0.0526315789,,,,,,,,,,
Brachyphylla,2,0.9675,0.0325,,,,,,,,,,
Synaptolaemus,2,0.6666666667,0.3333333333,,,,,,,,,,
Reithroparamys,2,0.5,0.5,,,,,,,,,,
Tetraodon,2,0.8787878788,0.1212121212,,,,,,,,,,
Bettongia,2,0.875,0.125,,,,,,,,,,
Bolinia,2,0.935483871,0.064516129,,,,,,,,,,
Encrasicholina,2,0.8888888889,0.1111111111,,,,,,,,,,
Platymantis,2,0.9677419355,0.0322580645,,,,,,,,,,
Rhabdoblennius,2,0.8461538462,0.1538461538,,,,,,,,,,
Galagoides,2,0.9090909091,0.0909090909,,,,,,,,,,
Paleosuchus,2,0.9342105263,0.0657894737,,,,,,,,,,
Ocynectes,2,0.5,0.5,,,,,,,,,,
Calumma,2,0.868852459,0.131147541,,,,,,,,,,
Pachydactylus,2,0.75,0.25,,,,,,,,,,
Saimiri,2,0.6795865633,0.3204134367,,,,,,,,,,
Thrinaxodon,2,0.5,0.5,,,,,,,,,,
Nyctibatrachus,2,0.9841269841,0.0158730159,,,,,,,,,,
Parahyaena,2,0.5,0.5,,,,,,,,,,
Phrynops,2,0.6923076923,0.3076923077,,,,,,,,,,
Omoadiphas,2,0.75,0.25,,,,,,,,,,
Orthriophis,2,0.7886178862,0.2113821138,,,,,,,,,,
Potos,2,0.9975,0.0025,,,,,,,,,,
Podothecus,2,0.9668049793,0.0331950207,,,,,,,,,,
Hylonycteris,2,0.8684210526,0.1315789474,,,,,,,,,,
Zalembius,2,0.8571428571,0.1428571429,,,,,,,,,,
Akodon,2,0.6428571429,0.3571428571,,,,,,,,,,
Macrophyllum,2,0.9411764706,0.0588235294,,,,,,,,,,
Sitana,2,0.6739130435,0.3260869565,,,,,,,,,,
Discotrema,2,0.619047619,0.380952381,,,,,,,,,,
Hyperacrius,2,0.9875,0.0125,,,,,,,,,,
Petulanos,2,0.7142857143,0.2857142857,,,,,,,,,,
Gymnocanthus,2,0.7820512821,0.2179487179,,,,,,,,,,
Rhytiodus,2,0.8571428571,0.1428571429,,,,,,,,,,
Saghatherium,2,0.5,0.5,,,,,,,,,,
Acanthostracion,2,0.5,0.5,,,,,,,,,,
Hildebrandtia,2,0.9879518072,0.0120481928,,,,,,,,,,
Pogonichthys,2,0.95,0.05,,,,,,,,,,
Hyla,2,0.8657718121,0.1342281879,,,,,,,,,,
Xeneretmus,2,0.8260869565,0.1739130435,,,,,,,,,,
Larus,2,0.745,0.255,,,,,,,,,,
Neotoma,2,0.9991666667,0.0008333333,,,,,,,,,,
Stelgistrum,2,0.6666666667,0.3333333333,,,,,,,,,,
Amphiuma,2,0.9075,0.0925,,,,,,,,,,
Echinops,2,0.888030888,0.111969112,,,,,,,,,,
Chondrodactylus,2,0.935,0.065,,,,,,,,,,
Osteochilus,2,0.8571428571,0.1428571429,,,,,,,,,,
Tomopterna,2,0.8365384615,0.1634615385,,,,,,,,,,
Lechriodus,2,0.524137931,0.475862069,,,,,,,,,,
Ardea,2,0.7670250896,0.2329749104,,,,,,,,,,
Ischyromys,2,0.8846153846,0.1153846154,,,,,,,,,,
Oxyura,2,0.8275,0.1725,,,,,,,,,,
Phugatherium,2,0.9398907104,0.0601092896,,,,,,,,,,
Candidia,2,0.6666666667,0.3333333333,,,,,,,,,,
Hybognathus,2,0.9090909091,0.0909090909,,,,,,,,,,
Xenosaurus,2,0.9230769231,0.0769230769,,,,,,,,,,
Cordylus,2,0.6842105263,0.3157894737,,,,,,,,,,
Ruscarius,2,0.9970930233,0.0029069767,,,,,,,,,,
Sivapithecus,2,0.6511627907,0.3488372093,,,,,,,,,,
Puma,2,0.955,0.045,,,,,,,,,,
Mesohippus,2,0.9090909091,0.0909090909,,,,,,,,,,
Massospondylus,2,0.5,0.5,,,,,,,,,,
Coralliozetus,2,0.7083333333,0.2916666667,,,,,,,,,,
Herklotsichthys,2,0.9010989011,0.0989010989,,,,,,,,,,
Alytes,2,0.9966887417,0.0033112583,,,,,,,,,,
Aplodontia,2,0.7325,0.2675,,,,,,,,,,
Cornufer,2,0.9948717949,0.0051282051,,,,,,,,,,
Hypomasticus,2,0.6666666667,0.3333333333,,,,,,,,,,
Kinyongia,2,0.5535714286,0.4464285714,,,,,,,,,,
Plagiolophus,2,0.9658119658,0.0341880342,,,,,,,,,,
Gekko,2,0.8518518519,0.1481481481,,,,,,,,,,
Mylocheilus,2,0.7692307692,0.2307692308,,,,,,,,,,
Sufflamen,2,0.8009708738,0.1990291262,,,,,,,,,,
Cuniculus,2,0.9,0.1,,,,,,,,,,
Ceratophrys,2,0.96875,0.03125,,,,,,,,,,
Percopsis,2,0.9945652174,0.0054347826,,,,,,,,,,
Phaethon,2,0.67,0.33,,,,,,,,,,
Equus,2,0.9772727273,0.0227272727,,,,,,,,,,
Phyllonycteris,2,0.9709543568,0.0290456432,,,,,,,,,,
Dactylopsila,2,0.86,0.14,,,,,,,,,,
Bifax,2,0.8333333333,0.1666666667,,,,,,,,,,
Dellichthys,2,0.8571428571,0.1428571429,,,,,,,,,,
Kolponomos,2,0.5,0.5,,,,,,,,,,
Dakotasuchus,2,0.75,0.25,,,,,,,,,,
Vampyressa,2,0.9952941176,0.0047058824,,,,,,,,,,
Polypera,2,0.9090909091,0.0909090909,,,,,,,,,,
Coccyzus,2,0.6363636364,0.3636363636,,,,,,,,,,
Mastacembelus,2,0.8,0.2,,,,,,,,,,
Petropedetes,2,0.7941176471,0.2058823529,,,,,,,,,,
Zesticelus,2,0.962962963,0.037037037,,,,,,,,,,
Saccolaimus,2,0.9881889764,0.0118110236,,,,,,,,,,
Smilodectes,2,0.5420560748,0.4579439252,,,,,,,,,,
Lionycteris,2,0.995,0.005,,,,,,,,,,
Lepidomeda,2,0.7205882353,0.2794117647,,,,,,,,,,
Speothos,2,0.9818181818,0.0181818182,,,,,,,,,,
Bassozetus,2,0.8333333333,0.1666666667,,,,,,,,,,
Discoglossus,2,0.9239766082,0.0760233918,,,,,,,,,,
Grammoplites,2,0.8333333333,0.1666666667,,,,,,,,,,
Uropeltis,2,0.977443609,0.022556391,,,,,,,,,,
Ceratophora,2,0.8571428571,0.1428571429,,,,,,,,,,
Lasiorhinus,2,0.9977578475,0.0022421525,,,,,,,,,,
Lythrurus,2,0.9928057554,0.0071942446,,,,,,,,,,
Microtus,2,0.945,0.055,,,,,,,,,,
Luscinia,2,0.8,0.2,,,,,,,,,,
Pseudacris,2,0.7076923077,0.2923076923,,,,,,,,,,
Petrodromus,2,0.985,0.015,,,,,,,,,,
Leptopelis,2,0.96,0.04,,,,,,,,,,
Aegyptopithecus,2,0.9090909091,0.0909090909,,,,,,,,,,
Lonchorhina,2,0.985,0.015,,,,,,,,,,
Calotes,2,0.8525,0.1475,,,,,,,,,,
Pseudobarbus,2,0.5,0.5,,,,,,,,,,
Dracaena,2,0.7058823529,0.2941176471,,,,,,,,,,
Azemiops,2,0.8108108108,0.1891891892,,,,,,,,,,
Chiromantis,2,0.9782608696,0.0217391304,,,,,,,,,,
Acanthemblemaria,2,0.7894736842,0.2105263158,,,,,,,,,,
Snyderichthys,2,0.7,0.3,,,,,,,,,,
Tuberoschistura,2,0.5,0.5,,,,,,,,,,
Paramys ,2,0.619047619,0.380952381,,,,,,,,,,
Cosmochilus,2,0.8,0.2,,,,,,,,,,
Buteo,2,0.572519084,0.427480916,,,,,,,,,,
Lithobates,2,0.9975,0.0025,,,,,,,,,,
Miniopterus,2,0.9986568167,0.0013431833,,,,,,,,,,
Corythomantis,2,0.7777777778,0.2222222222,,,,,,,,,,
Erilepis,2,0.8421052632,0.1578947368,,,,,,,,,,
Carcharopsis,2,0.6666666667,0.3333333333,,,,,,,,,,
Ortalis ,2,0.8825,0.1175,,,,,,,,,,
Crocodylus,2,0.9653679654,0.0346320346,,,,,,,,,,
Notharctus,2,0.96875,0.03125,,,,,,,,,,
Breviceps,2,0.8933333333,0.1066666667,,,,,,,,,,
Didelphodon,2,0.75,0.25,,,,,,,,,,
Anotheca,2,0.7346938776,0.2653061224,,,,,,,,,,
Cantius,2,0.9854897219,0.0145102781,,,,,,,,,,
Psilorhynchus,2,0.619047619,0.380952381,,,,,,,,,,
Napaeozapus,2,0.9925,0.0075,,,,,,,,,,
Bronchocela,2,0.685,0.315,,,,,,,,,,
Dolichocebus,2,0.6666666667,0.3333333333,,,,,,,,,,
Mugil,2,0.9455445545,0.0544554455,,,,,,,,,,
Necrolemur,2,0.8636363636,0.1363636364,,,,,,,,,,
Grus grus,2,0.8076923077,0.1923076923,,,,,,,,,,
Paracottus,2,0.6,0.4,,,,,,,,,,
Thylamys,2,0.9754977029,0.0245022971,,,,,,,,,,
Heteristius,2,0.85,0.15,,,,,,,,,,
Brachyistius,2,0.9318181818,0.0681818182,,,,,,,,,,
Apus,2,0.7672413793,0.2327586207,,,,,,,,,,
Ekemblemaria,2,0.6666666667,0.3333333333,,,,,,,,,,
Talpavoides,2,0.6428571429,0.3571428571,,,,,,,,,,
Sula,2,0.9636963696,0.0363036304,,,,,,,,,,
Phenacobius,2,0.9318181818,0.0681818182,,,,,,,,,,
Anseranas,2,0.7647058824,0.2352941176,,,,,,,,,,
Mimoperadectes ,2,0.7852112676,0.2147887324,,,,,,,,,,
Sectoria,2,0.5,0.5,,,,,,,,,,
Antennablennius,2,0.5,0.5,,,,,,,,,,
Archolaemus,2,0.75,0.25,,,,,,,,,,
Macropus,2,0.99875,0.00125,,,,,,,,,,
Bellator,2,0.8817204301,0.1182795699,,,,,,,,,,
Ardops,2,0.9950248756,0.0049751244,,,,,,,,,,
Aparasphenodon,2,0.5625,0.4375,,,,,,,,,,
Ptilocercus,2,0.9565217391,0.0434782609,,,,,,,,,,
Exodon,2,0.9333333333,0.0666666667,,,,,,,,,,
Dendragapus,2,0.9652173913,0.0347826087,,,,,,,,,,
Aphronorus,2,0.975,0.025,,,,,,,,,,
Pyxicephalus,2,0.7222222222,0.2777777778,,,,,,,,,,
Aspasmogaster,2,0.9946236559,0.0053763441,,,,,,,,,,
Tepuihyla,2,0.8333333333,0.1666666667,,,,,,,,,,
Dendroaspis,2,0.75,0.25,,,,,,,,,,
Meiacanthus,2,0.7872340426,0.2127659574,,,,,,,,,,
Anoplogaster,2,0.8248175182,0.1751824818,,,,,,,,,,
Micrurus,2,0.625,0.375,,,,,,,,,,
Cottocomephorus,2,0.5,0.5,,,,,,,,,,
Starksia,2,0.9659863946,0.0340136054,,,,,,,,,,
Notharctus ,2,0.904,0.096,,,,,,,,,,
Cubophis,2,0.8839285714,0.1160714286,,,,,,,,,,
Rhinoderma,2,0.7852348993,0.2147651007,,,,,,,,,,
Lonchophylla,2,0.9627831715,0.0372168285,,,,,,,,,,
Acanthixalus,2,0.9375,0.0625,,,,,,,,,,
Elgaria,2,0.6968325792,0.3031674208,,,,,,,,,,
Meriones,2,0.9854014599,0.0145985401,,,,,,,,,,
Aix,2,0.8475,0.1525,,,,,,,,,,
Leptobrachium,2,0.6280991736,0.3719008264,,,,,,,,,,
Icelus,2,0.8650793651,0.1349206349,,,,,,,,,,
Petaurista ,2,0.9025974026,0.0974025974,,,,,,,,,,
Bathyagonus,2,0.9523809524,0.0476190476,,,,,,,,,,
Bagre,2,0.9252336449,0.0747663551,,,,,,,,,,
Merycoidodon,2,0.9867109635,0.0132890365,,,,,,,,,,
Radulinus,2,0.6341463415,0.3658536585,,,,,,,,,,
Callulina,2,0.5454545455,0.4545454545,,,,,,,,,,
Pleurogrammus,2,0.8877005348,0.1122994652,,,,,,,,,,
Erophylla,2,0.98,0.02,,,,,,,,,,
Smaug,2,0.8541666667,0.1458333333,,,,,,,,,,
Chauliodus,2,0.9773869347,0.0226130653,,,,,,,,,,
Boa,2,0.9811827957,0.0188172043,,,,,,,,,,
Leiocottus,2,0.75,0.25,,,,,,,,,,
Necturus,2,0.9976958525,0.0023041475,,,,,,,,,,
Carollia,2,0.9958333333,0.0041666667,,,,,,,,,,
Gracilinanus,2,0.9003558719,0.0996441281,,,,,,,,,,
Ascaphus,2,0.8040816327,0.1959183673,,,,,,,,,,
Astylosternus,2,0.9156626506,0.0843373494,,,,,,,,,,
Saurenchelys,2,0.6666666667,0.3333333333,,,,,,,,,,
Leopardus,2,0.9975,0.0025,,,,,,,,,,
Molossops,2,0.9975,0.0025,,,,,,,,,,
Cebuella,2,0.962962963,0.037037037,,,,,,,,,,
Rhacochilus,2,0.9230769231,0.0769230769,,,,,,,,,,
Cyprinella,2,0.7727272727,0.2272727273,,,,,,,,,,
Acantopsis,2,0.6451612903,0.3548387097,,,,,,,,,,
Lontra,2,0.9660493827,0.0339506173,,,,,,,,,,
Gorilla,2,0.8675,0.1325,,,,,,,,,,
Meda,2,0.8333333333,0.1666666667,,,,,,,,,,
Holmesina,2,0.98375,0.01625,,,,,,,,,,
Struthio,2,0.7235294118,0.2764705882,,,,,,,,,,
Kentropyx,2,0.9743589744,0.0256410256,,,,,,,,,,
Trachypithecus,2,0.9537037037,0.0462962963,,,,,,,,,,
Bagarius,2,0.5,0.5,,,,,,,,,,
Phyzelaphryne,2,0.5714285714,0.4285714286,,,,,,,,,,
Ophichthus,2,0.696969697,0.303030303,,,,,,,,,,
Pontoporia,2,0.985,0.015,,,,,,,,,,
Dasypeltis,2,0.9473684211,0.0526315789,,,,,,,,,,
Anemorhysis,2,0.8947368421,0.1052631579,,,,,,,,,,
Pseudotylosurus,2,0.95,0.05,,,,,,,,,,
Palaeosinopa,2,0.5826771654,0.4173228346,,,,,,,,,,
Aepyprymnus,2,0.9825,0.0175,,,,,,,,,,
Opisthocomus,2,0.5735294118,0.4264705882,,,,,,,,,,
Icaronycteris,2,0.8888888889,0.1111111111,,,,,,,,,,
Gymnachirus,2,0.75,0.25,,,,,,,,,,
Norfolkia,2,0.9795918367,0.0204081633,,,,,,,,,,
Nycticebus,2,0.9554455446,0.0445544554,,,,,,,,,,
Cercocebus,2,0.9050701187,0.0949298813,,,,,,,,,,
Trachycorystes,2,0.8888888889,0.1111111111,,,,,,,,,,
Scaphiopus,2,0.725,0.275,,,,,,,,,,
Nasalis,2,0.7682119205,0.2317880795,,,,,,,,,,
Stlengis,2,0.5714285714,0.4285714286,,,,,,,,,,
Ogcocephalus,2,0.5,0.5,,,,,,,,,,
Gobiopterus,2,0.8333333333,0.1666666667,,,,,,,,,,
Occella,2,0.5714285714,0.4285714286,,,,,,,,,,
Sterna,2,0.6775,0.3225,,,,,,,,,,
Stirtonia,2,0.6666666667,0.3333333333,,,,,,,,,,
Aspasmodes,2,0.7,0.3,,,,,,,,,,
Platalina,2,0.641509434,0.358490566,,,,,,,,,,
Cynocephalus,2,0.9970674487,0.0029325513,,,,,,,,,,
Mannophryne,2,0.9778672032,0.0221327968,,,,,,,,,,
Nyctidromus,2,0.86,0.14,,,,,,,,,,
Dicrodon,2,0.898630137,0.101369863,,,,,,,,,,
Stellerina,2,0.5365853659,0.4634146341,,,,,,,,,,
Hylodes,2,0.9132231405,0.0867768595,,,,,,,,,,
Thoracocharax,2,0.9285714286,0.0714285714,,,,,,,,,,
Barycholos,2,0.815,0.185,,,,,,,,,,
Stefania,2,0.962962963,0.037037037,,,,,,,,,,
Bombina,2,0.9302325581,0.0697674419,,,,,,,,,,
Nyctimantis,2,0.9,0.1,,,,,,,,,,
Sphenodon,2,0.6666666667,0.3333333333,,,,,,,,,,
Arcos,2,0.76,0.24,,,,,,,,,,
Herpetotherium,2,0.9746835443,0.0253164557,,,,,,,,,,
Exerpes,2,0.5714285714,0.4285714286,,,,,,,,,,
Coelops,2,0.9743589744,0.0256410256,,,,,,,,,,
Amazonsprattus,2,0.625,0.375,,,,,,,,,,
Miniochoerus,2,0.674556213,0.325443787,,,,,,,,,,
Trioceros,2,0.9852941176,0.0147058824,,,,,,,,,,
Semotilus,2,0.9842519685,0.0157480315,,,,,,,,,,
Pan,2,0.979498861,0.020501139,,,,,,,,,,
Acantholiparis,2,0.7142857143,0.2857142857,,,,,,,,,,
Agonopsis,2,0.8611111111,0.1388888889,,,,,,,,,,
Callimico,2,0.7720207254,0.2279792746,,,,,,,,,,
Acanthodactylus,2,0.5416666667,0.4583333333,,,,,,,,,,
Macroscelides,2,0.9781021898,0.0218978102,,,,,,,,,,
Chacophrys,2,0.5263157895,0.4736842105,,,,,,,,,,
Titanis,2,0.825,0.175,,,,,,,,,,
Crotalus,2,0.9485094851,0.0514905149,,,,,,,,,,
Homalopteroides,2,0.9830508475,0.0169491525,,,,,,,,,,
Scenopagus,2,0.9534883721,0.0465116279,,,,,,,,,,
Prosymna,2,0.7073170732,0.2926829268,,,,,,,,,,
Sphaeronycteris,2,0.9891304348,0.0108695652,,,,,,,,,,
Psomophis,2,0.6363636364,0.3636363636,,,,,,,,,,
Barbourula,2,0.7096774194,0.2903225806,,,,,,,,,,
Nothophryne,2,0.5333333333,0.4666666667,,,,,,,,,,
Draco,2,0.893129771,0.106870229,,,,,,,,,,
Bothrops,2,0.9768637532,0.0231362468,,,,,,,,,,
Labeo,2,0.8448275862,0.1551724138,,,,,,,,,,
Gallus,2,0.9675,0.0325,,,,,,,,,,
Helcogrammoides,2,0.8,0.2,,,,,,,,,,
Magosternarchus,2,0.65625,0.34375,,,,,,,,,,
Anchoa,2,0.9818181818,0.0181818182,,,,,,,,,,
Plagioctenoides,2,0.9130434783,0.0869565217,,,,,,,,,,
Nothoprocta ,2,0.8333333333,0.1666666667,,,,,,,,,,
Pseudogonatodes,2,0.7208121827,0.2791878173,,,,,,,,,,
Podomys,2,0.9975,0.0025,,,,,,,,,,
Cycloramphus,2,0.62,0.38,,,,,,,,,,
Gyalopion,2,0.8139534884,0.1860465116,,,,,,,,,,
Sarritor,2,0.8518518519,0.1481481481,,,,,,,,,,
Acyrtops,2,0.6666666667,0.3333333333,,,,,,,,,,
Garra,2,0.8571428571,0.1428571429,,,,,,,,,,
Lepidobatrachus,2,0.5333333333,0.4666666667,,,,,,,,,,
Derilissus,2,0.7142857143,0.2857142857,,,,,,,,,,
Stephanolepis,2,0.5,0.5,,,,,,,,,,
Microchoerus ,2,0.8181818182,0.1818181818,,,,,,,,,,
Percis,2,0.9024390244,0.0975609756,,,,,,,,,,
Colomesus ,2,0.5833333333,0.4166666667,,,,,,,,,,
Lophocebus,2,0.82,0.18,,,,,,,,,,
Eremichthys,2,0.5,0.5,,,,,,,,,,
Agama,2,0.6989795918,0.3010204082,,,,,,,,,,
Anas,2,0.5882352941,0.4117647059,,,,,,,,,,
Acontias,2,0.5806451613,0.4193548387,,,,,,,,,,
Centetodon,2,0.5714285714,0.4285714286,,,,,,,,,,
Poyntonia,2,0.875,0.125,,,,,,,,,,
Arenaria,2,0.93,0.07,,,,,,,,,,
Synchirus,2,0.6,0.4,,,,,,,,,,
Procolobus,2,0.5258964143,0.4741035857,,,,,,,,,,
Crossodactylus,2,0.9952606635,0.0047393365,,,,,,,,,,
Phoenicopterus,2,0.6666666667,0.3333333333,,,,,,,,,,
Podargus,2,0.975,0.025,,,,,,,,,,
Acrocheilus,2,0.96875,0.03125,,,,,,,,,,
Metatomarctus,2,0.8737373737,0.1262626263,,,,,,,,,,
Microcebus,2,0.607266436,0.392733564,,,,,,,,,,
Oedodera,2,0.7,0.3,,,,,,,,,,
Cloeotis,2,0.8356807512,0.1643192488,,,,,,,,,,
Fregata,2,0.9448051948,0.0551948052,,,,,,,,,,
Palaechthon,2,0.75,0.25,,,,,,,,,,
Pelagodroma,2,0.8202247191,0.1797752809,,,,,,,,,,
Choeroniscus,2,0.9947916667,0.0052083333,,,,,,,,,,
Parvicrepis,2,0.9142857143,0.0857142857,,,,,,,,,,
Anoplagonus,2,0.8125,0.1875,,,,,,,,,,
Gouania,2,0.75,0.25,,,,,,,,,,
Halophryne,2,0.95,0.05,,,,,,,,,,
Nectomys,2,0.9675,0.0325,,,,,,,,,,
Potamotrygon ,2,0.7142857143,0.2857142857,,,,,,,,,,
Kogia,2,0.86,0.14,,,,,,,,,,
Alcedo,2,0.6753246753,0.3246753247,,,,,,,,,,
Presbytis,2,0.9685157421,0.0314842579,,,,,,,,,,
Achirus,2,0.984375,0.015625,,,,,,,,,,
Bradypodion,3,0.9705882353,0.0220588235,0.0073529412,,,,,,,,,
Hyperprosopon,3,0.8621621622,0.0702702703,0.0675675676,,,,,,,,,
Notropis ,3,0.7272727273,0.2077922078,0.0649350649,,,,,,,,,
Helogenes,3,0.44,0.4,0.16,,,,,,,,,
Exoglossum,3,0.6612903226,0.3225806452,0.0161290323,,,,,,,,,
Sceloporus,3,0.8025,0.1925,0.005,,,,,,,,,
Pygopristis,3,0.6153846154,0.3076923077,0.0769230769,,,,,,,,,
Lipariscus,3,0.5957446809,0.2765957447,0.1276595745,,,,,,,,,
Sagittarius,3,0.796875,0.1875,0.015625,,,,,,,,,
Palaeothentes,3,0.6363636364,0.3181818182,0.0454545455,,,,,,,,,
Hemimyzon,3,0.625,0.25,0.125,,,,,,,,,
Tantilla,3,0.5832223702,0.4101198402,0.0066577896,,,,,,,,,
Didelphodus,3,0.7857142857,0.1785714286,0.0357142857,,,,,,,,,
Casuarius,3,0.4920634921,0.4285714286,0.0793650794,,,,,,,,,
Microbatrachella,3,0.5034482759,0.3172413793,0.1793103448,,,,,,,,,
Eupsophus,3,0.5555555556,0.3939393939,0.0505050505,,,,,,,,,
Carcharocles,3,0.9955489614,0.0029673591,0.0014836795,,,,,,,,,
Cottiusculus,3,0.7222222222,0.1666666667,0.1111111111,,,,,,,,,
Rhaphiodon,3,0.6363636364,0.1818181818,0.1818181818,,,,,,,,,
Astyanax,3,0.9771573604,0.0203045685,0.0025380711,,,,,,,,,
Ototylomys,3,0.6275,0.335,0.0375,,,,,,,,,
Hemiemblemaria,3,0.6206896552,0.3448275862,0.0344827586,,,,,,,,,
Erimystax,3,0.9517241379,0.0413793103,0.0068965517,,,,,,,,,
Phyllomedusa,3,0.4,0.3846153846,0.2153846154,,,,,,,,,
Scorpaenichthys,3,0.7971014493,0.1739130435,0.0289855072,,,,,,,,,
Nezumia,3,0.8721804511,0.0902255639,0.037593985,,,,,,,,,
Balistapus,3,0.5346153846,0.4038461538,0.0615384615,,,,,,,,,
Oligopithecus,3,0.3333333333,0.3333333333,0.3333333333,,,,,,,,,
Agonomalus,3,0.6363636364,0.2727272727,0.0909090909,,,,,,,,,
Solenodon,3,0.4586466165,0.3157894737,0.2255639098,,,,,,,,,
Elaphe,3,0.8484848485,0.1212121212,0.0303030303,,,,,,,,,
Apterichtus,3,0.65625,0.1875,0.15625,,,,,,,,,
Labidolemur,3,0.7192982456,0.2631578947,0.0175438596,,,,,,,,,
Geckolepis,3,0.976076555,0.019138756,0.004784689,,,,,,,,,
Platysaurus,3,0.5185185185,0.3703703704,0.1111111111,,,,,,,,,
Avahi,3,0.8582677165,0.1102362205,0.031496063,,,,,,,,,
Uroplatus,3,0.5076923077,0.3384615385,0.1538461538,,,,,,,,,
Melichthys,3,0.9074074074,0.0555555556,0.037037037,,,,,,,,,
Triglops,3,0.9002932551,0.0967741935,0.0029325513,,,,,,,,,
Heterodon,3,0.61,0.315,0.075,,,,,,,,,
Hemilepidotus,3,0.7884615385,0.1987179487,0.0128205128,,,,,,,,,
Lagodon,3,0.9730639731,0.0235690236,0.0033670034,,,,,,,,,
Myloplus,3,0.5625,0.25,0.1875,,,,,,,,,
Rhizomys,3,0.5238095238,0.4666666667,0.0095238095,,,,,,,,,
Meleagris,3,0.8675,0.105,0.0275,,,,,,,,,
Alosa,3,0.77,0.185,0.045,,,,,,,,,
Trichodon,3,0.9851485149,0.0099009901,0.004950495,,,,,,,,,
Hylorina,3,0.5,0.4411764706,0.0588235294,,,,,,,,,
Cymatogaster,3,0.8589211618,0.1037344398,0.0373443983,,,,,,,,,
Rhinecanthus,3,0.8255813953,0.0930232558,0.0813953488,,,,,,,,,
Drymobius,3,0.8289473684,0.1315789474,0.0394736842,,,,,,,,,
Icelinus,3,0.9545454545,0.0303030303,0.0151515152,,,,,,,,,
Phrynobatrachus,3,0.88671875,0.1015625,0.01171875,,,,,,,,,
Otolemur,3,0.9004267425,0.0611664296,0.0384068279,,,,,,,,,
Mastigodryas,3,0.56,0.28,0.16,,,,,,,,,
Didelphis,3,0.9513973269,0.0279465371,0.0206561361,,,,,,,,,
Mylossoma,3,0.5283018868,0.4528301887,0.0188679245,,,,,,,,,
Lamprophis,3,0.805,0.1775,0.0175,,,,,,,,,
Balitora,3,0.4444444444,0.4444444444,0.1111111111,,,,,,,,,
Zachaenus,3,0.6590909091,0.1818181818,0.1590909091,,,,,,,,,
Steatornis,3,0.6644736842,0.3223684211,0.0131578947,,,,,,,,,
Omobranchus,3,0.9871794872,0.0064102564,0.0064102564,,,,,,,,,
Hexagrammos,3,0.9221311475,0.0450819672,0.0327868852,,,,,,,,,
Pygoderma,3,0.9825,0.015,0.0025,,,,,,,,,
Caprimulgus,3,0.5986394558,0.343537415,0.0578231293,,,,,,,,,
Nematalosa,3,0.7272727273,0.1818181818,0.0909090909,,,,,,,,,
Pristurus,3,0.7901234568,0.1728395062,0.037037037,,,,,,,,,
Nyctomys,3,0.845,0.11,0.045,,,,,,,,,
Monacanthus,3,0.6238095238,0.3666666667,0.0095238095,,,,,,,,,
Mormyrus,3,0.5142857143,0.4571428571,0.0285714286,,,,,,,,,
Hemidactylus,3,0.975,0.02,0.005,,,,,,,,,
Sardinops,3,0.925,0.0525,0.0225,,,,,,,,,
Clupea,3,0.4852071006,0.4556213018,0.0591715976,,,,,,,,,
Sicydium,3,0.9468085106,0.0425531915,0.0106382979,,,,,,,,,
Catoprion,3,0.847826087,0.1086956522,0.0434782609,,,,,,,,,
Tomicodon,3,0.5,0.25,0.25,,,,,,,,,
Albatrossia,3,0.82,0.16,0.02,,,,,,,,,
Tomistoma,3,0.3902439024,0.3170731707,0.2926829268,,,,,,,,,
Brookesia,3,0.8709677419,0.1218637993,0.0071684588,,,,,,,,,
Cebus,3,0.6797900262,0.3175853018,0.0026246719,,,,,,,,,
Setifer,3,0.8475,0.145,0.0075,,,,,,,,,
Embiotoca,3,0.9337016575,0.044198895,0.0220994475,,,,,,,,,
Rhamphocottus,3,0.7402597403,0.1688311688,0.0909090909,,,,,,,,,
Mylopharodon,3,0.9259259259,0.037037037,0.037037037,,,,,,,,,
Anhydrophryne,3,0.9464285714,0.0357142857,0.0178571429,,,,,,,,,
Gastromyzon,3,0.8421052632,0.1052631579,0.0526315789,,,,,,,,,
Dialommus,3,0.8666666667,0.0666666667,0.0666666667,,,,,,,,,
Barchatus,3,0.6,0.2,0.2,,,,,,,,,
Masticophis,3,0.8897637795,0.1023622047,0.0078740157,,,,,,,,,
Pimelodus,3,0.619047619,0.3333333333,0.0476190476,,,,,,,,,
Ossubtus,3,0.625,0.25,0.125,,,,,,,,,
Oncorhynchus,3,0.5690376569,0.4016736402,0.0292887029,,,,,,,,,
Abyssocottus,3,0.5,0.3333333333,0.1666666667,,,,,,,,,
Heterostichus,3,0.8181818182,0.1625344353,0.0192837466,,,,,,,,,
Laemolyta,3,0.5,0.25,0.25,,,,,,,,,
Conopsis,3,0.9657534247,0.0273972603,0.0068493151,,,,,,,,,
Amblyrhynchus,3,0.7873754153,0.1495016611,0.0631229236,,,,,,,,,
Thelotornis,3,0.5,0.4545454545,0.0454545455,,,,,,,,,
Macrhybopsis,3,0.8282828283,0.1616161616,0.0101010101,,,,,,,,,
Engraulis,3,0.9528023599,0.0294985251,0.017699115,,,,,,,,,
Rhabdolichops,3,0.5416666667,0.4166666667,0.0416666667,,,,,,,,,
Stolephorus,3,0.6506024096,0.2409638554,0.1084337349,,,,,,,,,
Hybopsis,3,0.9322429907,0.0654205607,0.0023364486,,,,,,,,,
Bunocephalus,3,0.6756756757,0.1891891892,0.1351351351,,,,,,,,,
Stomias,3,0.9675,0.03,0.0025,,,,,,,,,
Anarhichas,3,0.6666666667,0.2777777778,0.0555555556,,,,,,,,,
Codoma,3,0.8947368421,0.0526315789,0.0526315789,,,,,,,,,
Typhlichthys,3,0.7826086957,0.1739130435,0.0434782609,,,,,,,,,
Heteropneustes,3,0.4347826087,0.347826087,0.2173913043,,,,,,,,,
Baiomys,3,0.9175,0.08,0.0025,,,,,,,,,
Myleus,3,0.5,0.4285714286,0.0714285714,,,,,,,,,
Daector,3,0.8205128205,0.1025641026,0.0769230769,,,,,,,,,
Tenrec,3,0.8075,0.185,0.0075,,,,,,,,,
Metynnis,3,0.84375,0.09375,0.0625,,,,,,,,,
Natalobatrachus,3,0.6834862385,0.2339449541,0.0825688073,,,,,,,,,
Cryptobatrachus,3,0.8571428571,0.0714285714,0.0714285714,,,,,,,,,
Trimorphodon,3,0.962962963,0.024691358,0.012345679,,,,,,,,,
Etmopterus,3,0.5909090909,0.25,0.1590909091,,,,,,,,,
Micrometrus,3,0.625,0.25,0.125,,,,,,,,,
Porogadus,3,0.5,0.25,0.25,,,,,,,,,
Alouatta,3,0.7847790507,0.1603927987,0.0548281506,,,,,,,,,
Clinostomus,3,0.8810289389,0.1061093248,0.0128617363,,,,,,,,,
Zaprora,3,0.5555555556,0.4222222222,0.0222222222,,,,,,,,,
Couesius,3,0.9209183673,0.0765306122,0.0025510204,,,,,,,,,
Ranzania,3,0.7804878049,0.1707317073,0.0487804878,,,,,,,,,
Lepilemur,3,0.75,0.2214285714,0.0285714286,,,,,,,,,
Microlophus,3,0.7454545455,0.2472727273,0.0072727273,,,,,,,,,
Acrochordus,3,0.9058823529,0.0862745098,0.0078431373,,,,,,,,,
Sauromalus,3,0.5275,0.45125,0.02125,,,,,,,,,
Nephrurus,3,0.8902439024,0.0731707317,0.0365853659,,,,,,,,,
Hypsurus,3,0.5,0.2857142857,0.2142857143,,,,,,,,,
Himantura,3,0.9591836735,0.0204081633,0.0204081633,,,,,,,,,
Gambelia,3,0.6625,0.32,0.0175,,,,,,,,,
Arothron,3,0.7380952381,0.2142857143,0.0476190476,,,,,,,,,
Petroscirtes,3,0.6666666667,0.2666666667,0.0666666667,,,,,,,,,
Desmognathus,3,0.8745098039,0.1196078431,0.0058823529,,,,,,,,,
Canthigaster,3,0.8582089552,0.1156716418,0.026119403,,,,,,,,,
Paromomys,3,0.6275862069,0.3655172414,0.0068965517,,,,,,,,,
Platygillellus,3,0.6262626263,0.3636363636,0.0101010101,,,,,,,,,
Dixonius,3,0.9221183801,0.046728972,0.031152648,,,,,,,,,
Arthroleptella,3,0.6,0.24,0.16,,,,,,,,,
Lemmus,3,0.9775,0.02,0.0025,,,,,,,,,
Synaptomys,3,0.915,0.07,0.015,,,,,,,,,
Plagioctenodon,3,0.7301587302,0.2380952381,0.0317460317,,,,,,,,,
Chromobotia,3,0.5454545455,0.3636363636,0.0909090909,,,,,,,,,
Propithecus,3,0.9480519481,0.0411255411,0.0108225108,,,,,,,,,
Monodelphis,3,0.849112426,0.1449704142,0.0059171598,,,,,,,,,
Amphistichus,3,0.7543859649,0.2280701754,0.0175438596,,,,,,,,,
Conolophus,3,0.5527950311,0.3354037267,0.1118012422,,,,,,,,,
Nestor,3,0.8604651163,0.1162790698,0.023255814,,,,,,,,,
Rhinichthys,3,0.6666666667,0.2916666667,0.0416666667,,,,,,,,,
Indri,3,0.9574468085,0.0283687943,0.0141843972,,,,,,,,,
Cacajao,3,0.75,0.2364864865,0.0135135135,,,,,,,,,
Paricelinus,3,0.8125,0.125,0.0625,,,,,,,,,
Batrachyla,3,0.5112781955,0.4285714286,0.0601503759,,,,,,,,,
Anarrhichthys,3,0.9602649007,0.0331125828,0.0066225166,,,,,,,,,
Dorosoma,3,0.7824675325,0.1980519481,0.0194805195,,,,,,,,,
Pimephales,3,0.8086124402,0.1483253589,0.043062201,,,,,,,,,
Clupeichthys,3,0.4666666667,0.4666666667,0.0666666667,,,,,,,,,
Lutreolina,3,0.8087431694,0.174863388,0.0163934426,,,,,,,,,
Osteoglossum,3,0.5,0.25,0.25,,,,,,,,,
Oligocottus,3,0.8457446809,0.1117021277,0.0425531915,,,,,,,,,
Eleutherodactylus,3,0.9948320413,0.003875969,0.0012919897,,,,,,,,,
Thryssa,3,0.968503937,0.0196850394,0.0118110236,,,,,,,,,
Drymarchon,3,0.8727735369,0.0788804071,0.048346056,,,,,,,,,
Triportheus,3,0.65,0.25,0.1,,,,,,,,,
Tarentola ,3,0.6557971014,0.2101449275,0.134057971,,,,,,,,,
Raiamas,3,0.8064516129,0.1612903226,0.0322580645,,,,,,,,,
Euoticus,3,0.75,0.1730769231,0.0769230769,,,,,,,,,
Furcifer,3,0.722972973,0.2635135135,0.0135135135,,,,,,,,,
Eustomias,3,0.6484018265,0.3196347032,0.0319634703,,,,,,,,,
Rimicola,3,0.890625,0.0625,0.046875,,,,,,,,,
Pseudolaguvia,3,0.5,0.375,0.125,,,,,,,,,
Aphos,3,0.8051948052,0.1558441558,0.038961039,,,,,,,,,
Rhoptropus,3,0.6109215017,0.3686006826,0.0204778157,,,,,,,,,
Ophiodon,3,0.75,0.1630434783,0.0869565217,,,,,,,,,
Leontopithecus,3,0.6775,0.32,0.0025,,,,,,,,,
Neotrygon,3,0.5,0.375,0.125,,,,,,,,,
Zaniolepis,3,0.6071428571,0.25,0.1428571429,,,,,,,,,
Lavinia,3,0.6428571429,0.1964285714,0.1607142857,,,,,,,,,
Acnodon,3,0.6363636364,0.2727272727,0.0909090909,,,,,,,,,
Tropiocolotes,3,0.6184210526,0.2368421053,0.1447368421,,,,,,,,,
Allenbatrachus,3,0.4736842105,0.4736842105,0.0526315789,,,,,,,,,
Cacosternum,3,0.6907216495,0.2886597938,0.0206185567,,,,,,,,,
Urolophus,3,0.9333333333,0.0555555556,0.0111111111,,,,,,,,,
Barbatula,3,0.4,0.3,0.3,,,,,,,,,
Melanonus,3,0.5695067265,0.2466367713,0.1838565022,,,,,,,,,
Hypsoblennius,3,0.4827586207,0.2931034483,0.224137931,,,,,,,,,
Homaloptera,3,0.52,0.24,0.24,,,,,,,,,
Puntius,3,0.6,0.2,0.2,,,,,,,,,
Notropis,3,0.6293706294,0.3496503497,0.020979021,,,,,,,,,
Dionda,3,0.36,0.36,0.28,,,,,,,,,
Galago,3,0.8780269058,0.1165919283,0.0053811659,,,,,,,,,
Cyclura,3,0.7435897436,0.2051282051,0.0512820513,,,,,,,,,
Ficimia,3,0.8466666667,0.1133333333,0.04,,,,,,,,,
Algansea,3,0.8333333333,0.0833333333,0.0833333333,,,,,,,,,
Trinectes,3,0.7826086957,0.1304347826,0.0869565217,,,,,,,,,
Taeniura,3,0.6111111111,0.3333333333,0.0555555556,,,,,,,,,
Gobiesox,3,0.9389312977,0.0381679389,0.0229007634,,,,,,,,,
Aotus,3,0.7337986042,0.2053838485,0.0608175474,,,,,,,,,
Cricetomys,3,0.515,0.465,0.02,,,,,,,,,
Malacoctenus,3,0.5771428571,0.2857142857,0.1371428571,,,,,,,,,
Bavayia,3,0.8409090909,0.1136363636,0.0454545455,,,,,,,,,
Ammodytes,3,0.972972973,0.0135135135,0.0135135135,,,,,,,,,
Elassodiscus,3,0.9345238095,0.0595238095,0.005952381,,,,,,,,,
Enneanectes,3,0.85,0.1,0.05,,,,,,,,,
Luxilus,3,0.5370919881,0.234421365,0.2284866469,,,,,,,,,
Hemicentetes,3,0.84,0.12,0.04,,,,,,,,,
Oreobates,3,0.875,0.1,0.025,,,,,,,,,
Hypsagonus,3,0.6,0.2,0.2,,,,,,,,,
Rastrinus,3,0.8918918919,0.0945945946,0.0135135135,,,,,,,,,
Paramys,3,0.7560137457,0.2268041237,0.0171821306,,,,,,,,,
Labeotropheus ,3,0.8333333333,0.0833333333,0.0833333333,,,,,,,,,
Paraclinus,3,0.8777777778,0.0944444444,0.0277777778,,,,,,,,,
Macrogenioglottus,3,0.5294117647,0.4117647059,0.0588235294,,,,,,,,,
Narke,3,0.6666666667,0.1666666667,0.1666666667,,,,,,,,,
Acantopsis ,3,0.4,0.4,0.2,,,,,,,,,
Apatemys,3,0.6296296296,0.1851851852,0.1851851852,,,,,,,,,
Batrachomoeus,3,0.7922077922,0.1298701299,0.0779220779,,,,,,,,,
Nocomis,3,0.5,0.4871794872,0.0128205128,,,,,,,,,
Aquila,3,0.5025,0.4275,0.07,,,,,,,,,
Balistes,3,0.9605263158,0.0263157895,0.0131578947,,,,,,,,,
Ptychocheilus,3,0.4791666667,0.3958333333,0.125,,,,,,,,,
Brevoortia,3,0.765625,0.2239583333,0.0104166667,,,,,,,,,
Richardsonius,3,0.8484848485,0.0909090909,0.0606060606,,,,,,,,,
Balaeniceps,3,0.5072463768,0.4782608696,0.0144927536,,,,,,,,,
Careproctus,3,0.5525114155,0.401826484,0.0456621005,,,,,,,,,
Crocidura,3,0.9825,0.015,0.0025,,,,,,,,,
Hysterocarpus,3,0.8194444444,0.1527777778,0.0277777778,,,,,,,,,
Dendrolagus,3,0.9685534591,0.0188679245,0.0125786164,,,,,,,,,
Asemichthys,3,0.5652173913,0.347826087,0.0869565217,,,,,,,,,
Artedius,3,0.9024390244,0.0731707317,0.0243902439,,,,,,,,,
Anodontostoma,3,0.9523809524,0.0238095238,0.0238095238,,,,,,,,,
Merluccius,3,0.5,0.25,0.25,,,,,,,,,
Lagocephalus,3,0.8389830508,0.1483050847,0.0127118644,,,,,,,,,
Coryphaenoides,3,0.7857142857,0.2021276596,0.0121580547,,,,,,,,,
Alligator ,3,0.82,0.175,0.005,,,,,,,,,
Ictalurus,3,0.9453125,0.03515625,0.01953125,,,,,,,,,
Gavialis,3,0.8823529412,0.1029411765,0.0147058824,,,,,,,,,
Opisthonema,3,0.765625,0.125,0.109375,,,,,,,,,
Pithecia,3,0.5972222222,0.3090277778,0.09375,,,,,,,,,
Atractaspis,3,0.5833333333,0.2777777778,0.1388888889,,,,,,,,,
Teratoscincus ,3,0.945,0.04,0.015,,,,,,,,,
Atelognathus,3,0.8870967742,0.0591397849,0.0537634409,,,,,,,,,
Eumicrotremus,3,0.8095238095,0.126984127,0.0634920635,,,,,,,,,
Phenacolemur,3,0.8047337278,0.1360946746,0.0591715976,,,,,,,,,
Ctenosaura,3,0.8830409357,0.1111111111,0.0058479532,,,,,,,,,
Lagothrix,3,0.6247933884,0.3272727273,0.0479338843,,,,,,,,,
Chiropotes,3,0.7795275591,0.2125984252,0.0078740157,,,,,,,,,
Serrasalmus,3,0.8837209302,0.1099365751,0.0063424947,,,,,,,,,
Ignacius,3,0.746835443,0.2088607595,0.0443037975,,,,,,,,,
Atrosalarias,3,0.9801980198,0.0099009901,0.0099009901,,,,,,,,,
Potamogale,3,0.9281045752,0.0588235294,0.0130718954,,,,,,,,,
Epinephelus,3,0.75,0.1666666667,0.0833333333,,,,,,,,,
Dromicodryas,3,0.8888888889,0.0666666667,0.0444444444,,,,,,,,,
Mesocricetus,3,0.9325,0.0575,0.01,,,,,,,,,
Limnomedusa,3,0.3939393939,0.3181818182,0.2878787879,,,,,,,,,
Strongylura,3,0.9806451613,0.0129032258,0.0064516129,,,,,,,,,
Alsodes,3,0.6,0.2666666667,0.1333333333,,,,,,,,,
Apteryx,3,0.9459459459,0.0405405405,0.0135135135,,,,,,,,,
Hyrachyus,3,0.4954954955,0.4234234234,0.0810810811,,,,,,,,,
Limnonectes,3,0.5732217573,0.3417015342,0.0850767085,,,,,,,,,
Brachyteles,3,0.9090909091,0.0681818182,0.0227272727,,,,,,,,,
Colletteichthys,3,0.7692307692,0.1923076923,0.0384615385,,,,,,,,,
Carinotetraodon,3,0.4,0.4,0.2,,,,,,,,,
Bothrocara,3,0.8,0.188,0.012,,,,,,,,,
Proceratophrys,3,0.7574257426,0.2376237624,0.004950495,,,,,,,,,
Setipinna,3,0.4444444444,0.4444444444,0.1111111111,,,,,,,,,
Sphoeroides,3,0.6,0.3,0.1,,,,,,,,,
Shinisaurus,3,0.9418604651,0.0406976744,0.0174418605,,,,,,,,,
Jordania,3,0.5263157895,0.4210526316,0.0526315789,,,,,,,,,
Prionotus,3,0.6818181818,0.2272727273,0.0909090909,,,,,,,,,
Saurodactylus,4,0.7252747253,0.1538461538,0.0879120879,0.032967033,,,,,,,,
Leptophis,4,0.5942350333,0.3592017738,0.0288248337,0.0177383592,,,,,,,,
Sardinella ,4,0.8793103448,0.0603448276,0.0344827586,0.025862069,,,,,,,,
Bathypterois,4,0.5714285714,0.2063492063,0.1746031746,0.0476190476,,,,,,,,
Rhinoliparis,4,0.8648648649,0.0540540541,0.0540540541,0.027027027,,,,,,,,
Phalacrocorax,4,0.5100671141,0.3691275168,0.1140939597,0.0067114094,,,,,,,,
Oxylebius,4,0.4166666667,0.3333333333,0.1666666667,0.0833333333,,,,,,,,
Leptocottus,4,0.8580645161,0.0774193548,0.0580645161,0.0064516129,,,,,,,,
Comephorus,4,0.4,0.2,0.2,0.2,,,,,,,,
Paraliparis,4,0.9454545455,0.0429752066,0.0099173554,0.0016528926,,,,,,,,
Micoureus,4,0.703125,0.2745535714,0.0133928571,0.0089285714,,,,,,,,
Pandion,4,0.695,0.1875,0.105,0.0125,,,,,,,,
Sibon,4,0.4571428571,0.3142857143,0.1428571429,0.0857142857,,,,,,,,
Diplobatis,4,0.4175824176,0.2967032967,0.2637362637,0.021978022,,,,,,,,
Desmana,4,0.7027027027,0.1621621622,0.1081081081,0.027027027,,,,,,,,
Ameiurus,4,0.9387755102,0.0379008746,0.0145772595,0.0087463557,,,,,,,,
Crotaphytus,4,0.5125,0.38,0.06,0.0475,,,,,,,,
Opsanus,4,0.89375,0.06875,0.025,0.0125,,,,,,,,
Hypomesus,4,0.9694323144,0.0174672489,0.0087336245,0.0043668122,,,,,,,,
Liparis,4,0.5625,0.41,0.025,0.0025,,,,,,,,
Stathmonotus,4,0.9240506329,0.0569620253,0.0126582278,0.0063291139,,,,,,,,
Gerrhosaurus,4,0.4090909091,0.2878787879,0.2727272727,0.0303030303,,,,,,,,
Amia,4,0.9348958333,0.046875,0.0130208333,0.0052083333,,,,,,,,
Pristis,4,0.6296296296,0.1481481481,0.1481481481,0.0740740741,,,,,,,,
Cantherhines,4,0.8723404255,0.085106383,0.0354609929,0.0070921986,,,,,,,,
Eurymen,4,0.75,0.15625,0.0625,0.03125,,,,,,,,
Psychrolutes,4,0.7674418605,0.2170542636,0.007751938,0.007751938,,,,,,,,
Oxybelis,4,0.78,0.11,0.09,0.02,,,,,,,,
Sebastolobus,4,0.8189300412,0.1399176955,0.024691358,0.0164609053,,,,,,,,
Nautichthys,4,0.8387096774,0.1532258065,0.0040322581,0.0040322581,,,,,,,,
Esox,4,0.4911660777,0.3003533569,0.2014134276,0.0070671378,,,,,,,,
Allophryne,4,0.4473684211,0.3684210526,0.1578947368,0.0263157895,,,,,,,,
Emblemaria,4,0.8795180723,0.0602409639,0.0361445783,0.0240963855,,,,,,,,
Dasypus,4,0.52,0.24,0.16,0.08,,,,,,,,
Polemon,4,0.5454545455,0.303030303,0.0909090909,0.0606060606,,,,,,,,
Leioheterodon,4,0.7788461538,0.1153846154,0.0769230769,0.0288461538,,,,,,,,
Tolypeutes,4,0.9315068493,0.0547945205,0.0091324201,0.00456621,,,,,,,,
Rhamdia,4,0.5909090909,0.3409090909,0.0454545455,0.0227272727,,,,,,,,
Polymixia,4,0.4676258993,0.3309352518,0.1474820144,0.0539568345,,,,,,,,
Melanochelys,4,0.6475409836,0.2704918033,0.0737704918,0.0081967213,,,,,,,,
Escualosa,4,0.75,0.1666666667,0.0714285714,0.0119047619,,,,,,,,
Dussumieria,4,0.7887323944,0.1126760563,0.0704225352,0.0281690141,,,,,,,,
Odontophrynus,4,0.8446601942,0.1391585761,0.0097087379,0.0064724919,,,,,,,,
Barbucca,4,0.4,0.2,0.2,0.2,,,,,,,,
Labidesthes,4,0.8394793926,0.0954446855,0.0520607375,0.0130151844,,,,,,,,
Pylodictis,4,0.9806629834,0.0110497238,0.0055248619,0.0027624309,,,,,,,,
Caluromys,4,0.5714285714,0.3533834586,0.0526315789,0.022556391,,,,,,,,
Minytrema,4,0.9135802469,0.0329218107,0.0288065844,0.024691358,,,,,,,,
Rhineura,4,0.65625,0.1666666667,0.1041666667,0.0729166667,,,,,,,,
Macrelaps ,4,0.4583333333,0.3333333333,0.1666666667,0.0416666667,,,,,,,,
Macrocranion,4,0.8668032787,0.1024590164,0.0286885246,0.0020491803,,,,,,,,
Gramma,4,0.4230769231,0.2692307692,0.2692307692,0.0384615385,,,,,,,,
Marmosa,4,0.8246445498,0.0710900474,0.067535545,0.0367298578,,,,,,,,
Cuora,4,0.8897058824,0.0612745098,0.0441176471,0.0049019608,,,,,,,,
Conraua,4,0.7209302326,0.1813953488,0.0953488372,0.0023255814,,,,,,,,
Pygocentrus,4,0.6923076923,0.2087912088,0.0879120879,0.010989011,,,,,,,,
Oxyrhopus,4,0.5,0.3863636364,0.0681818182,0.0454545455,,,,,,,,
Pervagor,4,0.5463917526,0.2577319588,0.1649484536,0.0309278351,,,,,,,,
Asprocottus,4,0.5555555556,0.2222222222,0.1111111111,0.1111111111,,,,,,,,
Campostoma,4,0.858974359,0.0811965812,0.0555555556,0.0042735043,,,,,,,,
Sardinella,4,0.881773399,0.0591133005,0.0344827586,0.0246305419,,,,,,,,
Liophidium,4,0.9230769231,0.0384615385,0.0256410256,0.0128205128,,,,,,,,
Chironectes,4,0.8125,0.115,0.0625,0.01,,,,,,,,
Uma scoparia,4,0.7375,0.2425,0.0125,0.0075,,,,,,,,
Callicebus,4,0.693635383,0.2491909385,0.0560949299,0.0010787487,,,,,,,,
Erinaceus,4,0.785,0.185,0.0225,0.0075,,,,,,,,
Menidia,4,0.66,0.2425,0.085,0.0125,,,,,,,,
Thecadactylus,4,0.4812286689,0.2491467577,0.1467576792,0.1228668942,,,,,,,,
Oxymonacanthus,4,0.6060606061,0.303030303,0.0606060606,0.0303030303,,,,,,,,
Hemitheconyx,4,0.609929078,0.2695035461,0.0780141844,0.0425531915,,,,,,,,
Bradypus,4,0.9157894737,0.0601503759,0.015037594,0.0090225564,,,,,,,,
Sphaerodactylus,4,0.4163424125,0.3579766537,0.2062256809,0.0194552529,,,,,,,,
Pristobrycon,4,0.5454545455,0.3181818182,0.0909090909,0.0454545455,,,,,,,,
Erpeton,4,0.5882352941,0.3006535948,0.091503268,0.0196078431,,,,,,,,
Gila,4,0.7755102041,0.1326530612,0.0816326531,0.0102040816,,,,,,,,
Anoplopoma,4,0.9700996678,0.0199335548,0.0066445183,0.0033222591,,,,,,,,
Gillichthys,4,0.8947368421,0.0526315789,0.0350877193,0.0175438596,,,,,,,,
Spilotes,4,0.4939759036,0.3493975904,0.0843373494,0.0722891566,,,,,,,,
Polypterus,4,0.68,0.16,0.12,0.04,,,,,,,,
Lanthanotus,4,0.4210526316,0.4210526316,0.1052631579,0.0526315789,,,,,,,,
Neoclinus,5,0.6666666667,0.1578947368,0.1403508772,0.0175438596,0.0175438596,,,,,,,
Zaedyus,5,0.8203125,0.09375,0.0703125,0.0078125,0.0078125,,,,,,,
Psammodynastes,5,0.6375,0.3075,0.025,0.0225,0.0075,,,,,,,
Nemacheilus,5,0.6382978723,0.2340425532,0.0638297872,0.0425531915,0.0212765957,,,,,,,
Laemanctus,5,0.4230769231,0.2179487179,0.1666666667,0.1025641026,0.0897435897,,,,,,,
Lepisosteus,5,0.9114832536,0.038277512,0.0311004785,0.014354067,0.004784689,,,,,,,
Corytophanes,5,0.4492753623,0.2028985507,0.1739130435,0.1449275362,0.0289855072,,,,,,,
Blepsias,5,0.7990543735,0.1134751773,0.0803782506,0.0047281324,0.0023640662,,,,,,,
Marmosops,5,0.9119496855,0.0770440252,0.0062893082,0.0031446541,0.001572327,,,,,,,
Urotrygon,5,0.5983606557,0.2950819672,0.0819672131,0.0163934426,0.0081967213,,,,,,,
Philander,5,0.8517857143,0.0928571429,0.0517857143,0.0017857143,0.0017857143,,,,,,,
Chaetophractus,5,0.887804878,0.043902439,0.0341463415,0.0292682927,0.0048780488,,,,,,,
Xenocalamus,5,0.2777777778,0.2222222222,0.2222222222,0.1666666667,0.1111111111,,,,,,,
Dipsas,5,0.4596273292,0.4316770186,0.0714285714,0.0248447205,0.0124223602,,,,,,,
Malacocottus,5,0.4396551724,0.4137931034,0.0775862069,0.0431034483,0.025862069,,,,,,,
Piaractus,5,0.3333333333,0.25,0.25,0.0833333333,0.0833333333,,,,,,,
Basiliscus,5,0.5478971963,0.1950934579,0.148364486,0.1074766355,0.0011682243,,,,,,,
Prochilodus,5,0.4888888889,0.362962963,0.0740740741,0.0592592593,0.0148148148,,,,,,,
Amblyodipsas,5,0.5810810811,0.2432432432,0.0810810811,0.0675675676,0.027027027,,,,,,,
Aparallactus,5,0.2954545455,0.25,0.2159090909,0.1477272727,0.0909090909,,,,,,,
Nectoliparis,5,0.4666666667,0.4235294118,0.1019607843,0.0039215686,0.0039215686,,,,,,,
Leiocephalus,5,0.5425,0.2325,0.125,0.07,0.03,,,,,,,
Cottunculus,5,0.502994012,0.2814371257,0.119760479,0.0658682635,0.0299401198,,,,,,,
Aparallactus ,5,0.6050420168,0.3025210084,0.0420168067,0.0336134454,0.0168067227,,,,,,,
Phyllurus,5,0.964673913,0.0244565217,0.0054347826,0.0027173913,0.0027173913,,,,,,,
Hemiechinus,5,0.9425,0.0425,0.01,0.0025,0.0025,,,,,,,
Dasyatis,5,0.3169014085,0.2676056338,0.2394366197,0.1690140845,0.0070422535,,,,,,,
Anolis,5,0.57875,0.2025,0.135,0.0825,0.00125,,,,,,,
Acreichthys,5,0.6912751678,0.2348993289,0.0536912752,0.0134228188,0.0067114094,,,,,,,
Opisthopterus,5,0.7027027027,0.1351351351,0.0810810811,0.0540540541,0.027027027,,,,,,,
Callithrix,5,0.8114186851,0.1799307958,0.0034602076,0.0034602076,0.0017301038,,,,,,,
Clelia,5,0.4057971014,0.3188405797,0.231884058,0.0289855072,0.0144927536,,,,,,,
Homoroselaps,5,0.4054054054,0.2702702703,0.1351351351,0.1081081081,0.0810810811,,,,,,,
Ilisha,5,0.734375,0.125,0.046875,0.046875,0.046875,,,,,,,
Colossoma,5,0.4615384615,0.1538461538,0.1538461538,0.1538461538,0.0769230769,,,,,,,
Chalceus,6,0.4444444444,0.3703703704,0.0740740741,0.037037037,0.037037037,0.037037037,,,,,,
Cabassous,6,0.6168224299,0.2710280374,0.046728972,0.0373831776,0.0186915888,0.0093457944,,,,,,
Euphractus,6,0.4715189873,0.3607594937,0.085443038,0.0537974684,0.0189873418,0.0094936709,,,,,,
Choloepus,6,0.9082278481,0.0490506329,0.0174050633,0.0126582278,0.0079113924,0.0047468354,,,,,,
Xenopholis,6,0.5660377358,0.3113207547,0.0660377358,0.0377358491,0.0094339623,0.0094339623,,,,,,
Phymaturus,6,0.7543252595,0.1660899654,0.0276816609,0.0276816609,0.0207612457,0.0034602076,,,,,,
Imantodes,6,0.6216216216,0.2912912913,0.048048048,0.021021021,0.015015015,0.003003003,,,,,,
Hemitripterus,7,0.8,0.0833333333,0.05,0.0333333333,0.0222222222,0.0055555556,0.0055555556,,,,,
Urobatis,7,0.7966101695,0.1313559322,0.0296610169,0.0211864407,0.0127118644,0.0042372881,0.0042372881,,,,,
Unknown,7,0.484375,0.3125,0.125,0.03125,0.015625,0.015625,0.015625,,,,,
Crossodactylus,,0,,,,,,,,,,,
Boophis,,0,,,,,,,,,,,
Caudiverbera,,0,,,,,,,,,,,
